datetime,count
2011-01-20 00:00:00,11.7615685196419
2011-01-20 01:00:00,5.006690344671052
2011-01-20 02:00:00,2.61927240166416
2011-01-20 03:00:00,2.244109914881387
2011-01-20 04:00:00,2.087932170468467
2011-01-20 05:00:00,8.076899499298573
2011-01-20 06:00:00,34.01952513898397
2011-01-20 07:00:00,99.08841749965495
2011-01-20 08:00:00,194.49805331897406
2011-01-20 09:00:00,115.94066414455466
2011-01-20 10:00:00,53.14026533574542
2011-01-20 11:00:00,56.63925811707832
2011-01-20 12:00:00,69.0506841298601
2011-01-20 13:00:00,68.00529589330901
2011-01-20 14:00:00,60.621836165812695
2011-01-20 15:00:00,65.68398310882976
2011-01-20 16:00:00,88.76325265612374
2011-01-20 17:00:00,186.75000496292756
2011-01-20 18:00:00,163.98116888015667
2011-01-20 19:00:00,118.84632295301162
2011-01-20 20:00:00,75.37838161892377
2011-01-20 21:00:00,58.86796837220942
2011-01-20 22:00:00,40.17346030064165
2011-01-20 23:00:00,25.833450719642666
2011-01-21 00:00:00,15.517671585340755
2011-01-21 01:00:00,6.710109329016681
2011-01-21 02:00:00,4.012177364682311
2011-01-21 03:00:00,2.7414768439470576
2011-01-21 04:00:00,1.7882266122549946
2011-01-21 05:00:00,6.810453055298294
2011-01-21 06:00:00,33.237650068843195
2011-01-21 07:00:00,79.04068312329275
2011-01-21 08:00:00,183.72443694778477
2011-01-21 09:00:00,102.53285878439571
2011-01-21 10:00:00,50.89622019714136
2011-01-21 11:00:00,55.027880974327175
2011-01-21 12:00:00,67.72464716809432
2011-01-21 13:00:00,62.28259328462165
2011-01-21 14:00:00,55.238929394634525
2011-01-21 15:00:00,60.146882182624
2011-01-21 16:00:00,84.01768666771426
2011-01-21 17:00:00,153.09022785199477
2011-01-21 18:00:00,129.88116773109047
2011-01-21 19:00:00,87.46762081175366
2011-01-21 20:00:00,45.61254663230674
2011-01-21 21:00:00,35.75836675053839
2011-01-21 22:00:00,22.490321464220326
2011-01-21 23:00:00,19.473769472721226
2011-01-22 00:00:00,13.246801126239022
2011-01-22 01:00:00,9.192875104535972
2011-01-22 02:00:00,7.841940834580388
2011-01-22 03:00:00,3.627731942931279
2011-01-22 04:00:00,0.8829397570181144
2011-01-22 06:00:00,1.5109768806052808
2011-01-22 07:00:00,3.4505105313151927
2011-01-22 08:00:00,10.427084708880603
2011-01-22 09:00:00,19.615876526514093
2011-01-22 10:00:00,36.98096863663401
2011-01-22 11:00:00,52.41375964373029
2011-01-22 12:00:00,61.716338575299815
2011-01-22 13:00:00,81.38471376186223
2011-01-22 14:00:00,67.36163104494004
2011-01-22 15:00:00,80.72326756383579
2011-01-22 16:00:00,75.49803571204166
2011-01-22 17:00:00,73.12458133411671
2011-01-22 18:00:00,43.80518017223019
2011-01-22 19:00:00,35.93526737658221
2011-01-22 20:00:00,26.563846057792688
2011-01-22 21:00:00,23.65763698633278
2011-01-22 22:00:00,23.214702575131877
2011-01-22 23:00:00,16.012230795497448
2011-01-23 00:00:00,17.796964417874975
2011-01-23 01:00:00,14.130736270709296
2011-01-23 02:00:00,10.618753100749041
2011-01-23 03:00:00,5.2395880553277
2011-01-23 05:00:00,0.8522198057935199
2011-01-23 06:00:00,1.2991441120074874
2011-01-23 07:00:00,3.5876850432467884
2011-01-23 08:00:00,10.26124837484117
2011-01-23 09:00:00,18.004525735769114
2011-01-23 10:00:00,46.179796592702104
2011-01-23 11:00:00,64.29986568436793
2011-01-23 12:00:00,68.45192490172612
2011-01-23 13:00:00,75.62672514254653
2011-01-23 14:00:00,73.5622605619478
2011-01-23 15:00:00,71.95188842787566
2011-01-23 16:00:00,64.1602907916508
2011-01-23 17:00:00,50.30443276376978
2011-01-23 18:00:00,44.312143367124065
2011-01-23 19:00:00,34.53193856202317
2011-01-23 20:00:00,22.28762912870592
2011-01-23 21:00:00,17.875566294747905
2011-01-23 22:00:00,13.098620167323972
2011-01-23 23:00:00,8.339744315243673
2011-01-24 00:00:00,5.498255519892735
2011-01-24 01:00:00,2.145574504995509
2011-01-24 03:00:00,0.7674803969651103
2011-01-24 04:00:00,1.148408748089104
2011-01-24 05:00:00,3.90089702411336
2011-01-24 06:00:00,18.768757550832934
2011-01-24 07:00:00,56.910304965428274
2011-01-24 08:00:00,118.38454200417117
2011-01-24 09:00:00,72.82858876094869
2011-01-24 10:00:00,30.542075911951333
2011-01-24 11:00:00,32.27634225390846
2011-01-24 12:00:00,45.10920784489575
2011-01-24 13:00:00,43.5676100258626
2011-01-24 14:00:00,38.23038432203417
2011-01-24 15:00:00,48.903181155117075
2011-01-24 16:00:00,69.25429363189065
2011-01-24 17:00:00,133.23956142575398
2011-01-24 18:00:00,122.89628154170417
2011-01-24 19:00:00,90.67528789517354
2011-01-24 20:00:00,51.01067596119631
2011-01-24 21:00:00,40.78647496484867
2011-01-24 22:00:00,23.56719039308488
2011-01-24 23:00:00,14.379750495539287
2011-01-25 00:00:00,6.915764811038856
2011-01-25 01:00:00,3.221551756623031
2011-01-25 02:00:00,1.7184361114894486
2011-01-25 04:00:00,1.7532002415993937
2011-01-25 05:00:00,5.686315937211556
2011-01-25 06:00:00,31.093031798232396
2011-01-25 07:00:00,83.61145578545161
2011-01-25 08:00:00,164.1054228900308
2011-01-25 09:00:00,95.11493907073864
2011-01-25 10:00:00,46.11533688797836
2011-01-25 11:00:00,49.51282883378698
2011-01-25 12:00:00,59.45794619537946
2011-01-25 13:00:00,56.04194658019768
2011-01-25 14:00:00,49.78255131360769
2011-01-25 15:00:00,56.56395742228202
2011-01-25 16:00:00,85.08058914482348
2011-01-25 17:00:00,188.06109486246518
2011-01-25 18:00:00,158.77007217072426
2011-01-25 19:00:00,108.25204521149581
2011-01-25 20:00:00,67.30916859194397
2011-01-25 21:00:00,53.12551974713746
2011-01-25 22:00:00,39.081961838221204
2011-01-25 23:00:00,19.750732323255168
2011-01-26 00:00:00,11.559788752281044
2011-01-26 01:00:00,4.792182486868532
2011-01-26 02:00:00,2.6748733213047036
2011-01-26 05:00:00,4.1772091723427485
2011-01-26 06:00:00,18.666403691891702
2011-01-26 07:00:00,60.02538368283882
2011-01-26 08:00:00,107.91383344808649
2011-01-26 09:00:00,59.27745207775728
2011-01-26 10:00:00,19.196302500190445
2011-01-26 11:00:00,16.408750152835026
2011-01-26 12:00:00,19.97609601616483
2011-01-26 13:00:00,17.89766179258511
2011-01-26 14:00:00,15.654477971701663
2011-01-26 15:00:00,16.124157225183392
2011-01-26 16:00:00,24.016330197165214
2011-01-26 17:00:00,60.90356280660942
2011-01-27 16:00:00,80.54723186489318
2011-01-27 17:00:00,169.08338930615514
2011-01-27 18:00:00,152.91637436812493
2011-01-27 19:00:00,107.48468019221406
2011-01-27 20:00:00,66.60289693985995
2011-01-27 21:00:00,52.349467265871034
2011-01-27 22:00:00,41.435355077092396
2011-01-27 23:00:00,25.305675253047504
2011-01-28 00:00:00,15.402713718002303
2011-01-28 01:00:00,6.474928903919703
2011-01-28 02:00:00,3.3125063200994807
2011-01-28 03:00:00,2.6188085062636097
2011-01-28 05:00:00,5.984004947951269
2011-01-28 06:00:00,27.0240833119888
2011-01-28 07:00:00,66.64328161496802
2011-01-28 08:00:00,152.7614342513934
2011-01-28 09:00:00,58.604523235481615
2011-01-28 10:00:00,29.581168555811235
2011-01-28 11:00:00,24.24841630967194
2011-01-28 12:00:00,29.524349567076527
2011-01-28 13:00:00,27.252329078742715
2011-01-28 14:00:00,29.69452756577349
2011-01-28 15:00:00,49.117137624905624
2011-01-28 16:00:00,82.1517454974668
2011-01-28 17:00:00,173.65535344431362
2011-01-28 18:00:00,144.89116525290692
2011-01-28 19:00:00,102.82048415344995
2011-01-28 20:00:00,65.34631424616892
2011-01-28 21:00:00,52.023322877269216
2011-01-28 22:00:00,39.345425895049374
2011-01-28 23:00:00,30.98835575154619
2011-01-29 00:00:00,26.080511279813162
2011-01-29 01:00:00,24.201153626445443
2011-01-29 02:00:00,19.467351009934404
2011-01-29 03:00:00,7.882519551572271
2011-01-29 04:00:00,1.9491783008466217
2011-01-29 06:00:00,2.9895367309079726
2011-01-29 07:00:00,6.89533524399355
2011-01-29 08:00:00,20.936105751317605
2011-01-29 09:00:00,37.496588433729066
2011-01-29 10:00:00,56.82383566853219
2011-01-29 11:00:00,76.4262916457073
2011-01-29 12:00:00,85.26627840759272
2011-01-29 13:00:00,113.31381461800406
2011-01-29 14:00:00,97.98918225848271
2011-01-29 15:00:00,90.10482974581818
2011-01-29 16:00:00,97.9622524498702
2011-01-29 17:00:00,85.35859036135867
2011-01-29 18:00:00,75.00145745437966
2011-01-29 19:00:00,50.74608989752026
2011-01-29 20:00:00,44.925043630013406
2011-01-29 21:00:00,37.46874092520076
2011-01-29 22:00:00,30.34737781076814
2011-01-29 23:00:00,27.627380358254918
2011-01-30 00:00:00,30.554099101632733
2011-01-30 01:00:00,23.022366157309786
2011-01-30 02:00:00,21.314057068260666
2011-01-30 03:00:00,7.180020892387312
2011-01-30 04:00:00,1.8201587066963951
2011-01-30 05:00:00,1.3400544961914416
2011-01-30 07:00:00,4.91534358105686
2011-01-30 08:00:00,14.188333924162839
2011-01-30 09:00:00,29.661188985731783
2011-01-30 10:00:00,59.58734609618489
2011-01-30 11:00:00,84.33634652396091
2011-01-30 12:00:00,112.80983181355528
2011-01-30 13:00:00,123.89190748759768
2011-01-30 14:00:00,113.47095733927566
2011-01-30 15:00:00,115.46514642788762
2011-01-30 16:00:00,110.82537863238234
2011-01-30 17:00:00,82.37907659246405
2011-01-30 18:00:00,61.97959318822625
2011-01-30 19:00:00,49.55907691395248
2011-01-30 20:00:00,37.52227130848732
2011-01-30 21:00:00,30.73588154723755
2011-01-30 22:00:00,21.74927391990009
2011-01-30 23:00:00,12.390758508473999
2011-01-31 00:00:00,7.986344839154933
2011-01-31 01:00:00,3.2150700745706446
2011-01-31 02:00:00,2.123795720580415
2011-01-31 03:00:00,1.5348260834563998
2011-01-31 04:00:00,1.5504882313250778
2011-01-31 05:00:00,4.98133860433218
2011-01-31 06:00:00,23.188367366420657
2011-01-31 07:00:00,71.75962895925527
2011-01-31 08:00:00,147.30195812374188
2011-01-31 09:00:00,82.5094802834735
2011-01-31 10:00:00,38.07780551053861
2011-01-31 11:00:00,39.832682033394114
2011-01-31 12:00:00,51.561561640404435
2011-01-31 13:00:00,53.18707944854663
2011-01-31 14:00:00,42.09487414520308
2011-01-31 15:00:00,47.66231054286284
2011-01-31 16:00:00,70.5788248765483
2011-01-31 17:00:00,148.66498028738494
2011-01-31 18:00:00,131.96131784999451
2011-01-31 19:00:00,119.1387645336027
2011-01-31 20:00:00,55.90910740656058
2011-01-31 21:00:00,45.23761848946584
2011-01-31 22:00:00,26.620285908330388
2011-01-31 23:00:00,15.827338132939548
2011-02-20 00:00:00,32.69091208946277
2011-02-20 01:00:00,24.497734931518554
2011-02-20 02:00:00,18.096124206180537
2011-02-20 03:00:00,7.8873646198125424
2011-02-20 04:00:00,1.9471270177832767
2011-02-20 06:00:00,2.1353592570744264
2011-02-20 07:00:00,5.8898591793641915
2011-02-20 08:00:00,19.86196743016411
2011-02-20 09:00:00,34.1437193546432
2011-02-20 10:00:00,73.07553458392418
2011-02-20 11:00:00,112.58591209979355
2011-02-20 12:00:00,132.72159087930837
2011-02-20 13:00:00,170.36537531635403
2011-02-20 14:00:00,138.5099800231993
2011-02-20 15:00:00,135.83231843860045
2011-02-20 16:00:00,136.29974473774016
2011-02-20 17:00:00,119.08744161977329
2011-02-20 18:00:00,86.95428496413027
2011-02-20 19:00:00,69.94364641793646
2011-02-20 20:00:00,53.14080062485474
2011-02-20 21:00:00,40.84120409166013
2011-02-20 22:00:00,31.808685829389617
2011-02-20 23:00:00,19.91784102507502
2011-02-21 00:00:00,17.144603070134682
2011-02-21 01:00:00,11.422209669264985
2011-02-21 02:00:00,7.616498828483239
2011-02-21 03:00:00,3.057567371556757
2011-02-21 04:00:00,2.333353062767026
2011-02-21 05:00:00,2.4036330530130736
2011-02-21 06:00:00,6.6747802778952785
2011-02-21 07:00:00,21.614312076758004
2011-02-21 08:00:00,48.872817593492705
2011-02-21 09:00:00,62.582448494596456
2011-02-21 10:00:00,79.46936446284842
2011-02-21 11:00:00,101.01786474342224
2011-02-21 12:00:00,109.64455493094876
2011-02-21 13:00:00,99.41654227562375
2011-02-21 14:00:00,125.11817500062801
2011-02-21 15:00:00,92.586884730928
2011-02-21 16:00:00,62.06236578325166
2011-02-21 17:00:00,110.120084416608
2011-02-21 18:00:00,97.54260192427847
2011-02-21 19:00:00,83.8180544642717
2011-02-21 20:00:00,39.111959665446115
2011-02-21 21:00:00,30.20025471956209
2011-02-21 22:00:00,23.59072804234135
2011-02-21 23:00:00,12.616311461505514
2011-02-22 06:00:00,28.35249534761374
2011-02-22 07:00:00,97.2520679567499
2011-02-22 08:00:00,194.73258499653713
2011-02-22 09:00:00,99.15878406151053
2011-02-22 10:00:00,49.32915502731289
2011-02-22 11:00:00,56.4730898180344
2011-02-22 12:00:00,71.05958985150566
2011-02-22 13:00:00,67.97794730255224
2011-02-22 14:00:00,59.648399109234596
2011-02-22 15:00:00,68.48405142005946
2011-02-22 16:00:00,98.4974570197131
2011-02-22 17:00:00,192.9702710025013
2011-02-22 18:00:00,185.98903785675006
2011-02-22 19:00:00,117.34979625441666
2011-02-22 20:00:00,68.57842807981596
2011-02-22 21:00:00,53.67522229560246
2011-02-22 22:00:00,39.96989215929967
2011-02-22 23:00:00,21.748296834895264
2011-02-23 00:00:00,10.636257520018704
2011-02-23 01:00:00,4.404670392053545
2011-02-23 02:00:00,2.1771991197388068
2011-02-23 03:00:00,1.3224124157726054
2011-02-23 05:00:00,5.038401942952235
2011-02-23 06:00:00,30.72855003700962
2011-02-23 07:00:00,108.40981621407794
2011-02-23 08:00:00,215.11839304312798
2011-02-23 09:00:00,125.55703391222845
2011-02-23 10:00:00,58.74491169541386
2011-02-23 11:00:00,65.11875671950365
2011-02-23 12:00:00,80.55413343218488
2011-02-23 13:00:00,81.31838289071287
2011-02-23 14:00:00,72.55662682537951
2011-02-23 15:00:00,80.77079357985033
2011-02-23 16:00:00,109.79661675239049
2011-02-23 17:00:00,241.7397302813197
2011-02-23 18:00:00,207.3995467694597
2011-02-23 19:00:00,136.32892986814494
2011-02-23 20:00:00,91.00221185510757
2011-02-23 21:00:00,66.581811949538
2011-02-23 22:00:00,50.17467697824747
2011-02-23 23:00:00,28.279164466894457
2011-02-24 00:00:00,13.168599406380299
2011-02-24 01:00:00,5.504749127044488
2011-02-24 02:00:00,2.7597084884469747
2011-02-24 03:00:00,1.4693354861593733
2011-02-24 05:00:00,5.390975890054103
2011-02-24 06:00:00,29.475518025658637
2011-02-24 07:00:00,102.99491823264431
2011-02-24 08:00:00,223.22711436937405
2011-02-24 09:00:00,112.52090841083371
2011-02-24 10:00:00,53.085763369689246
2011-02-24 11:00:00,58.76832972565337
2011-02-24 12:00:00,76.67192734817473
2011-02-24 13:00:00,76.88081075105683
2011-02-24 14:00:00,66.34363521450881
2011-02-24 15:00:00,52.964536598878404
2011-02-24 16:00:00,74.09341213894736
2011-02-24 17:00:00,171.08860550608293
2011-02-24 18:00:00,160.20933559711818
2011-02-24 19:00:00,70.18747354694592
2011-02-24 20:00:00,63.96018812303651
2011-02-24 21:00:00,58.78555732613557
2011-02-24 22:00:00,31.865567032500824
2011-02-24 23:00:00,33.7097715288662
2011-02-25 00:00:00,11.388553402001852
2011-02-25 01:00:00,6.646943552570066
2011-02-25 02:00:00,4.802253613715935
2011-02-25 03:00:00,2.3327613882771634
2011-02-25 05:00:00,5.679043047812908
2011-02-25 06:00:00,25.569290062250303
2011-02-25 07:00:00,69.28682770482908
2011-02-25 08:00:00,145.99548876031633
2011-02-25 09:00:00,58.59075279638087
2011-02-25 10:00:00,31.096565507881134
2011-02-25 11:00:00,93.39175363639444
2011-02-25 12:00:00,87.58192939585527
2011-02-25 13:00:00,79.60920367193236
2011-02-25 14:00:00,61.70797815037164
2011-02-25 15:00:00,114.44163389465545
2011-02-25 16:00:00,110.8106360331849
2011-02-25 17:00:00,189.54498907055813
2011-02-25 18:00:00,166.87657268573642
2011-02-25 19:00:00,122.84085496224867
2011-02-25 20:00:00,78.57944285961948
2011-02-25 21:00:00,65.43111069066049
2011-02-25 22:00:00,45.28958397077055
2011-02-25 23:00:00,34.653586118121844
2011-02-26 00:00:00,31.56161044497329
2011-02-26 01:00:00,21.72969989796772
2011-02-26 02:00:00,17.090960094532726
2011-02-26 03:00:00,8.88025789740426
2011-02-26 04:00:00,2.1346314694207247
2011-02-26 05:00:00,1.4234831991831174
2011-02-26 06:00:00,3.46222976762237
2011-02-26 07:00:00,8.784574184827381
2011-02-26 08:00:00,24.784323915814614
2011-02-26 09:00:00,43.40358194183565
2011-02-26 10:00:00,86.73017776556988
2011-02-26 11:00:00,131.26780172167673
2011-02-26 12:00:00,133.12913759220828
2011-02-26 13:00:00,162.05825445549914
2011-02-26 14:00:00,137.1146959036294
2011-02-26 15:00:00,134.4037229483812
2011-02-26 16:00:00,145.4253664903429
2011-02-26 17:00:00,135.43485617631873
2011-02-26 18:00:00,110.33780915181813
2011-02-26 19:00:00,74.41437636096235
2011-02-26 20:00:00,64.77451765149301
2011-02-26 21:00:00,49.78010099686109
2011-02-26 22:00:00,45.80878072358702
2011-02-26 23:00:00,35.57929862531738
2011-02-27 00:00:00,41.53532791389481
2011-02-27 01:00:00,33.30969538098168
2011-02-27 02:00:00,28.134400901808853
2011-02-27 03:00:00,12.765242581269229
2011-02-27 04:00:00,3.2902422889996763
2011-02-27 06:00:00,3.134071681141412
2011-02-27 07:00:00,8.31550316154952
2011-02-27 08:00:00,26.257337698500578
2011-02-27 09:00:00,53.96400916124
2011-02-27 10:00:00,107.33543072028762
2011-02-27 11:00:00,130.35469668073785
2011-02-27 12:00:00,149.57220012495674
2011-02-27 13:00:00,175.6471448857283
2011-02-27 14:00:00,157.07963487624457
2011-02-27 15:00:00,175.92390264268036
2011-02-27 16:00:00,169.78022685027648
2011-02-27 17:00:00,126.16244300190709
2011-02-27 18:00:00,103.96429042606545
2011-02-27 19:00:00,82.93134550342533
2011-02-27 20:00:00,66.38352616034854
2011-02-27 21:00:00,52.78868711981599
2011-02-27 22:00:00,34.99755128944943
2011-02-27 23:00:00,21.648758669204753
2011-02-28 00:00:00,11.282238781580322
2011-02-28 01:00:00,4.129751222381239
2011-02-28 03:00:00,1.251523015607617
2011-02-28 05:00:00,5.0339345640436
2011-02-28 06:00:00,31.40006020019855
2011-02-28 07:00:00,95.73965431906386
2011-02-28 08:00:00,179.18148714047146
2011-02-28 09:00:00,145.9678335287598
2011-02-28 10:00:00,66.16353081227844
2011-02-28 11:00:00,71.92382401066854
2011-02-28 12:00:00,89.11819465735645
2011-02-28 13:00:00,39.436109317651464
2011-02-28 14:00:00,23.16589730584155
2011-02-28 15:00:00,26.77482804611383
2011-02-28 16:00:00,47.558475047925235
2011-02-28 17:00:00,85.3723095571559
2011-02-28 18:00:00,121.47838092796383
2011-02-28 19:00:00,85.10675608317484
2011-02-28 20:00:00,52.60055065248869
2011-02-28 21:00:00,58.65860883187926
2011-02-28 22:00:00,21.047539976976317
2011-02-28 23:00:00,21.19954253661845
2011-03-20 00:00:00,50.45924798927107
2011-03-20 01:00:00,34.16501343701063
2011-03-20 02:00:00,28.156826224359524
2011-03-20 03:00:00,13.721667205381005
2011-03-20 04:00:00,3.352494908591903
2011-03-20 05:00:00,2.1738083367211702
2011-03-20 06:00:00,3.638889589110173
2011-03-20 07:00:00,10.058728651091494
2011-03-20 08:00:00,33.19504194140322
2011-03-20 09:00:00,65.97780950846732
2011-03-20 10:00:00,125.0926617821274
2011-03-20 11:00:00,197.7421968505591
2011-03-20 12:00:00,209.22304941121087
2011-03-20 13:00:00,241.379240287989
2011-03-20 14:00:00,205.2274751907423
2011-03-20 15:00:00,214.05703018438246
2011-03-20 16:00:00,204.23226697203842
2011-03-20 17:00:00,180.37412844095041
2011-03-20 18:00:00,143.0425114720338
2011-03-20 19:00:00,111.65803188659527
2011-03-20 20:00:00,82.92174935664382
2011-03-20 21:00:00,63.23326159649835
2011-03-20 22:00:00,47.175009613913346
2011-03-20 23:00:00,18.627443425651215
2011-03-21 00:00:00,14.30011439035469
2011-03-21 01:00:00,6.297237403377948
2011-03-21 02:00:00,3.896899978353055
2011-03-21 03:00:00,2.1457059542539545
2011-03-21 05:00:00,10.209138535664982
2011-03-21 06:00:00,38.910636210836756
2011-03-21 07:00:00,87.37306369468236
2011-03-21 08:00:00,200.3949646706536
2011-03-21 09:00:00,108.81705752060992
2011-03-21 10:00:00,58.6274325569742
2011-03-21 11:00:00,67.95999363698569
2011-03-21 12:00:00,80.27555044621124
2011-03-21 13:00:00,101.03104199428819
2011-03-21 14:00:00,97.5232137606026
2011-03-21 15:00:00,117.22037057727019
2011-03-21 16:00:00,164.8455932342311
2011-03-21 17:00:00,317.8948142553515
2011-03-21 18:00:00,291.54781253684325
2011-03-21 19:00:00,233.96622121193002
2011-03-21 20:00:00,157.53004783307816
2011-03-21 21:00:00,78.28517075441806
2011-03-21 22:00:00,55.89961344059704
2011-03-21 23:00:00,39.247502507990106
2011-03-22 00:00:00,21.64984352637035
2011-03-22 01:00:00,5.993629677524918
2011-03-22 02:00:00,4.8684799680267945
2011-03-22 03:00:00,2.9141551407763546
2011-03-22 04:00:00,2.657605705876113
2011-03-22 05:00:00,12.654430952745278
2011-03-22 06:00:00,64.01838741381438
2011-03-22 07:00:00,197.75310350974493
2011-03-22 08:00:00,299.79506519373143
2011-03-22 09:00:00,139.288612302316
2011-03-22 10:00:00,71.21420161470338
2011-03-22 11:00:00,86.4497054154172
2011-03-22 12:00:00,120.988458654522
2011-03-22 13:00:00,119.86435816604646
2011-03-22 14:00:00,105.57893694950437
2011-03-22 15:00:00,118.17617787767196
2011-03-22 16:00:00,186.6652680476114
2011-03-22 17:00:00,345.7833772668253
2011-03-22 18:00:00,333.1427360733018
2011-03-22 19:00:00,205.7144721117588
2011-03-22 20:00:00,128.44936436347427
2011-03-22 21:00:00,98.11254951257743
2011-03-22 22:00:00,72.32625198360734
2011-03-22 23:00:00,39.46332286926003
2011-03-23 00:00:00,19.678653909251782
2011-03-23 01:00:00,6.867228956122373
2011-03-23 02:00:00,3.7567867746404526
2011-03-23 03:00:00,2.9174212099971113
2011-03-23 05:00:00,7.181700093936462
2011-03-23 06:00:00,53.184815806204725
2011-03-23 07:00:00,134.28572442839317
2011-03-23 08:00:00,253.84659605794255
2011-03-23 09:00:00,138.22724781309637
2011-03-23 10:00:00,57.252571590250184
2011-03-23 11:00:00,50.5017944229883
2011-03-23 12:00:00,62.26261201990153
2011-03-23 13:00:00,37.653089447651176
2011-03-23 14:00:00,63.750257421422816
2011-03-23 15:00:00,68.74362941625272
2011-03-23 16:00:00,125.46252463626925
2011-03-23 17:00:00,246.87217502882953
2011-03-23 18:00:00,137.62736684504358
2011-03-23 19:00:00,89.09517480968141
2011-03-23 20:00:00,35.7263209872346
2011-03-23 21:00:00,20.504826206647348
2011-03-23 22:00:00,41.79752719794707
2011-03-23 23:00:00,17.05989793987883
2011-03-24 00:00:00,10.375307675307981
2011-03-24 01:00:00,5.580535947667381
2011-03-24 02:00:00,4.085389908050107
2011-03-24 03:00:00,2.211869845691234
2011-03-24 04:00:00,1.9296616488276188
2011-03-24 05:00:00,9.205111360919885
2011-03-24 06:00:00,45.00468663567464
2011-03-24 07:00:00,65.73332804662346
2011-03-24 08:00:00,92.04593626316642
2011-03-24 09:00:00,103.47523171776133
2011-03-24 10:00:00,39.42341588946667
2011-03-24 11:00:00,53.98324026494464
2011-03-24 12:00:00,78.2426717278561
2011-03-24 13:00:00,78.81157941001342
2011-03-24 14:00:00,77.6788392747118
2011-03-24 15:00:00,76.94633131113534
2011-03-24 16:00:00,114.32227009533014
2011-03-24 17:00:00,228.2115039711609
2011-03-24 18:00:00,227.5223817065083
2011-03-24 19:00:00,163.44337207857905
2011-03-24 20:00:00,109.78218515352295
2011-03-24 21:00:00,82.63992470236724
2011-03-24 22:00:00,67.71727372858997
2011-03-24 23:00:00,44.90690043555247
2011-03-25 00:00:00,27.814667303082423
2011-03-25 01:00:00,10.312613531382706
2011-03-25 02:00:00,4.893536629792059
2011-03-25 03:00:00,3.6445089685616088
2011-03-25 04:00:00,2.140998678906864
2011-03-25 05:00:00,10.18465968747738
2011-03-25 06:00:00,47.57848677739182
2011-03-25 07:00:00,138.08934394582175
2011-03-25 08:00:00,251.99071567966365
2011-03-25 09:00:00,128.25959376383136
2011-03-25 10:00:00,71.33376643659199
2011-03-25 11:00:00,82.19675142542457
2011-03-25 12:00:00,105.32011461535595
2011-03-25 13:00:00,104.47820419655908
2011-03-25 14:00:00,104.39535504119645
2011-03-25 15:00:00,104.53782192984276
2011-03-25 16:00:00,142.31891528862133
2011-03-25 17:00:00,237.95566539765548
2011-03-25 18:00:00,222.75334401557095
2011-03-25 19:00:00,152.71502175729051
2011-03-25 20:00:00,110.81529402452968
2011-03-25 21:00:00,83.53294875666248
2011-03-25 22:00:00,62.92602053450712
2011-03-25 23:00:00,43.57342880870259
2011-03-26 00:00:00,44.7113891638636
2011-03-26 01:00:00,34.88600452145338
2011-03-26 02:00:00,27.032023043758702
2011-03-26 03:00:00,9.696353569856031
2011-03-26 04:00:00,3.176509286003426
2011-03-26 05:00:00,3.0293145476122234
2011-03-26 06:00:00,8.723957268907029
2011-03-26 07:00:00,23.279406064077868
2011-03-26 08:00:00,62.46823833321572
2011-03-26 09:00:00,103.41715318673762
2011-03-26 10:00:00,113.10098597176626
2011-03-26 11:00:00,151.84077753987594
2011-03-26 12:00:00,173.68379241614213
2011-03-26 13:00:00,185.51292600987847
2011-03-26 14:00:00,199.46978236864453
2011-03-26 15:00:00,202.1757527226523
2011-03-26 16:00:00,209.57217439726983
2011-03-26 17:00:00,181.67838454466036
2011-03-26 18:00:00,152.68915231136629
2011-03-26 19:00:00,111.64899298772764
2011-03-26 20:00:00,82.1811236822427
2011-03-26 21:00:00,60.363486634140074
2011-03-26 22:00:00,62.48640920346279
2011-03-26 23:00:00,45.340396558430726
2011-03-27 00:00:00,58.07383729612783
2011-03-27 01:00:00,45.04010915390756
2011-03-27 02:00:00,31.734010191796717
2011-03-27 03:00:00,9.523466058965985
2011-03-27 04:00:00,3.3926423520660247
2011-03-27 06:00:00,5.5685460866307315
2011-03-27 07:00:00,12.32352189406098
2011-03-27 08:00:00,41.16042938662668
2011-03-27 09:00:00,78.31901829602404
2011-03-27 10:00:00,97.14368688986643
2011-03-27 11:00:00,139.6628099256422
2011-03-27 12:00:00,158.30560401207654
2011-03-27 13:00:00,183.25108033512265
2011-03-27 14:00:00,197.7326833330658
2011-03-27 15:00:00,192.23757529426058
2011-03-27 16:00:00,209.80248200842396
2011-03-27 17:00:00,169.8311404987597
2011-03-27 18:00:00,133.51248470231346
2011-03-27 19:00:00,107.5774080646212
2011-03-27 20:00:00,83.14028955994317
2011-03-27 21:00:00,58.88298418315427
2011-03-27 22:00:00,46.41803317985573
2011-03-27 23:00:00,29.080692137067004
2011-03-28 00:00:00,12.349909814234968
2011-03-28 01:00:00,5.346577018915593
2011-03-28 02:00:00,3.2772731131180506
2011-03-28 03:00:00,2.029370651001495
2011-03-28 05:00:00,8.979525142305247
2011-03-28 06:00:00,45.25100947780117
2011-03-28 07:00:00,140.9601609929693
2011-03-28 08:00:00,232.12702513761693
2011-03-28 09:00:00,118.6906779666285
2011-03-28 10:00:00,58.71134587783703
2011-03-28 11:00:00,65.01926844727424
2011-03-28 12:00:00,82.93199146818823
2011-03-28 13:00:00,84.63896091172204
2011-03-28 14:00:00,78.26401927649601
2011-03-28 15:00:00,85.30793576727658
2011-03-28 16:00:00,136.91818820549688
2011-03-28 17:00:00,263.7156245369041
2011-03-28 18:00:00,234.51790631656436
2011-03-28 19:00:00,176.4989148041873
2011-03-28 20:00:00,110.78154058011572
2011-03-28 21:00:00,84.18287678622303
2011-03-28 22:00:00,51.44975003066493
2011-03-28 23:00:00,29.39901046091158
2011-03-29 00:00:00,11.533325950634966
2011-03-29 01:00:00,3.97973135034975
2011-03-29 02:00:00,2.913808623873977
2011-03-29 03:00:00,2.1176788854516415
2011-03-29 04:00:00,2.2257496796281684
2011-03-29 05:00:00,11.336187477701289
2011-03-29 06:00:00,54.38298731347364
2011-03-29 07:00:00,170.91611908633425
2011-03-29 08:00:00,276.64337624253443
2011-03-29 09:00:00,143.72165401483358
2011-03-29 10:00:00,62.72842728624398
2011-03-29 11:00:00,72.56542879509341
2011-03-29 12:00:00,95.4458625868883
2011-03-29 13:00:00,86.03003526388932
2011-03-29 14:00:00,88.44316579109834
2011-03-29 15:00:00,103.67741277396301
2011-03-29 16:00:00,161.08161160297755
2011-03-29 17:00:00,312.86101921027347
2011-03-29 18:00:00,275.5594725194612
2011-03-29 19:00:00,190.39031099827014
2011-03-29 20:00:00,131.04044208584517
2011-03-29 21:00:00,87.13052686762555
2011-03-29 22:00:00,67.92143518628404
2011-03-29 23:00:00,34.797352909199056
2011-03-30 00:00:00,17.94940520443807
2011-03-30 01:00:00,8.17153552050717
2011-03-30 02:00:00,3.834692597870356
2011-03-30 03:00:00,2.803378708858006
2011-03-30 04:00:00,2.1453291189471115
2011-03-30 05:00:00,12.737992265989243
2011-03-30 06:00:00,66.06414935922481
2011-03-30 07:00:00,209.37338781809274
2011-03-30 08:00:00,311.32373508799026
2011-03-30 09:00:00,156.37370152736833
2011-03-30 10:00:00,67.24001429862298
2011-03-30 11:00:00,73.98973182637701
2011-03-30 12:00:00,89.55623329243822
2011-03-30 13:00:00,96.31240815967118
2011-03-30 14:00:00,82.44318622502311
2011-03-30 15:00:00,35.98893183650406
2011-03-30 16:00:00,47.37444559051612
2011-03-30 17:00:00,104.41397659107884
2011-03-30 18:00:00,143.65851818415592
2011-03-30 19:00:00,102.09003784368791
2011-03-30 20:00:00,37.79993781108935
2011-03-30 21:00:00,50.97971390962435
2011-03-30 22:00:00,26.62615867999839
2011-03-30 23:00:00,13.958554307375532
2011-03-31 00:00:00,7.745546524580226
2011-03-31 01:00:00,4.259009746703189
2011-03-31 02:00:00,3.221063372482028
2011-03-31 03:00:00,1.9706259194131739
2011-03-31 04:00:00,1.8433658628515022
2011-03-31 05:00:00,7.285179398595769
2011-03-31 06:00:00,28.088142776498884
2011-03-31 07:00:00,102.86167343121903
2011-03-31 08:00:00,167.66902331398856
2011-03-31 09:00:00,61.59478696919135
2011-03-31 10:00:00,26.823515197848916
2011-03-31 11:00:00,24.975541935570085
2011-03-31 12:00:00,30.814512335405986
2011-03-31 13:00:00,35.19681232431744
2011-03-31 14:00:00,31.754637999166878
2011-03-31 15:00:00,30.6801836609684
2011-03-31 16:00:00,88.78292995525835
2011-03-31 17:00:00,182.46877842002982
2011-03-31 18:00:00,180.80124644500958
2011-03-31 19:00:00,128.75948175939976
2011-03-31 20:00:00,36.94074071199404
2011-03-31 21:00:00,58.29643143626149
2011-03-31 22:00:00,23.86294489513183
2011-03-31 23:00:00,17.364868205749897
2011-04-20 00:00:00,16.647917726335564
2011-04-20 01:00:00,4.9089273348509535
2011-04-20 02:00:00,3.381556977188859
2011-04-20 03:00:00,2.2305027837922546
2011-04-20 04:00:00,1.7339473804288377
2011-04-20 05:00:00,8.145915217933984
2011-04-20 06:00:00,47.27477451157867
2011-04-20 07:00:00,134.11842825390536
2011-04-20 08:00:00,365.5410671730873
2011-04-20 09:00:00,196.79492638684334
2011-04-20 10:00:00,97.75355593966634
2011-04-20 11:00:00,107.04386462303951
2011-04-20 12:00:00,137.92292677195394
2011-04-20 13:00:00,134.2312512706546
2011-04-20 14:00:00,124.79098153388031
2011-04-20 15:00:00,146.01265441524504
2011-04-20 16:00:00,197.0879397967434
2011-04-20 17:00:00,398.82016221450954
2011-04-20 18:00:00,357.6454689578543
2011-04-20 19:00:00,271.77507213312794
2011-04-20 20:00:00,197.4852600703348
2011-04-20 21:00:00,144.42818191175516
2011-04-20 22:00:00,108.01339556042028
2011-04-20 23:00:00,61.09499462499896
2011-04-21 00:00:00,27.316004151562424
2011-04-21 01:00:00,12.246232644099466
2011-04-21 02:00:00,5.488122489684712
2011-04-21 03:00:00,2.605737669435913
2011-04-21 04:00:00,2.499701678483953
2011-04-21 05:00:00,12.737708768390256
2011-04-21 06:00:00,61.01773884281882
2011-04-21 07:00:00,199.30913223184086
2011-04-21 08:00:00,300.3427797288711
2011-04-21 09:00:00,159.07015006060018
2011-04-21 10:00:00,82.82412358459239
2011-04-21 11:00:00,94.31305877093932
2011-04-21 12:00:00,134.7602455574287
2011-04-21 13:00:00,130.19538940847565
2011-04-21 14:00:00,115.02932340212978
2011-04-21 15:00:00,138.11007349118333
2011-04-21 16:00:00,190.3589028411153
2011-04-21 17:00:00,338.3017170168789
2011-04-21 18:00:00,315.39243275731104
2011-04-21 19:00:00,229.05480292628707
2011-04-21 20:00:00,152.53090910229497
2011-04-21 21:00:00,112.52927706729542
2011-04-21 22:00:00,91.69025404003405
2011-04-21 23:00:00,57.26806309208486
2011-04-22 00:00:00,29.907264566604184
2011-04-22 01:00:00,12.628492396744528
2011-04-22 02:00:00,6.176383825226017
2011-04-22 03:00:00,3.050364759261246
2011-04-22 04:00:00,2.0790892359559816
2011-04-22 05:00:00,11.218038966951465
2011-04-22 06:00:00,58.63066637259078
2011-04-22 07:00:00,166.17724103150792
2011-04-22 08:00:00,309.7010803848475
2011-04-22 09:00:00,90.53196906329302
2011-04-22 10:00:00,88.54711359552205
2011-04-22 11:00:00,52.814428407245515
2011-04-22 12:00:00,68.08697569496746
2011-04-22 13:00:00,42.13990835138663
2011-04-22 14:00:00,35.203995249505084
2011-04-22 15:00:00,41.98881597103073
2011-04-22 16:00:00,60.71127271985337
2011-04-22 17:00:00,96.21771079657306
2011-04-22 18:00:00,90.76824912579991
2011-04-22 19:00:00,60.073023287933864
2011-04-22 20:00:00,43.633812681270406
2011-04-22 21:00:00,31.79081022670487
2011-04-22 22:00:00,21.998509440524106
2011-04-22 23:00:00,20.649392664650048
2011-04-23 00:00:00,38.60929459715366
2011-04-23 01:00:00,35.57361532005767
2011-04-23 02:00:00,23.224820089454376
2011-04-23 03:00:00,10.50729181181725
2011-04-23 04:00:00,4.154619083558605
2011-04-23 05:00:00,3.267943225261018
2011-04-23 06:00:00,8.595938633139973
2011-04-23 07:00:00,12.695171627741841
2011-04-23 08:00:00,47.87921473871497
2011-04-23 09:00:00,76.49052515526044
2011-04-23 10:00:00,137.89752249540777
2011-04-23 11:00:00,167.7912018912944
2011-04-23 12:00:00,221.12335453541823
2011-04-23 13:00:00,218.16308467087103
2011-04-23 14:00:00,256.83146542429233
2011-04-23 15:00:00,276.4599926231982
2011-04-23 16:00:00,256.101785663548
2011-04-23 17:00:00,234.00947248710682
2011-04-23 18:00:00,194.5201712382207
2011-04-23 19:00:00,147.13367184254014
2011-04-23 20:00:00,99.22553551562149
2011-04-23 21:00:00,82.13920140512073
2011-04-23 22:00:00,87.26747546185541
2011-04-23 23:00:00,73.12958093478615
2011-04-24 00:00:00,60.57735440092608
2011-04-24 01:00:00,41.923180331378404
2011-04-24 02:00:00,33.35564543705197
2011-04-24 03:00:00,15.956871574334714
2011-04-24 04:00:00,5.616673936215209
2011-04-24 05:00:00,4.438569690093884
2011-04-24 06:00:00,6.958458378497682
2011-04-24 07:00:00,17.204687492266565
2011-04-24 08:00:00,59.129490010582884
2011-04-24 09:00:00,128.32519131698064
2011-04-24 10:00:00,232.62681118458016
2011-04-24 11:00:00,289.73408480218023
2011-04-24 12:00:00,332.0733634368157
2011-04-24 13:00:00,305.02308268051326
2011-04-24 14:00:00,318.5818925239725
2011-04-24 15:00:00,341.4061888291269
2011-04-24 16:00:00,287.0040971157818
2011-04-24 17:00:00,273.45371450658445
2011-04-24 18:00:00,250.49565959560007
2011-04-24 19:00:00,85.52083494693333
2011-04-24 20:00:00,63.43319364443756
2011-04-24 21:00:00,38.53982479679352
2011-04-24 22:00:00,24.27953164028788
2011-04-24 23:00:00,17.492353489359502
2011-04-25 00:00:00,12.503915911047692
2011-04-25 01:00:00,7.515642605558813
2011-04-25 02:00:00,6.256209736054271
2011-04-25 03:00:00,3.0927070536503987
2011-04-25 04:00:00,2.279215872317863
2011-04-25 05:00:00,8.90807544127436
2011-04-25 06:00:00,45.26532819622651
2011-04-25 07:00:00,124.21928490090504
2011-04-25 08:00:00,338.62451455895894
2011-04-25 09:00:00,166.17502810141568
2011-04-25 10:00:00,92.92050079453867
2011-04-25 11:00:00,103.31697549879745
2011-04-25 12:00:00,142.0443522058245
2011-04-25 13:00:00,137.12002383947146
2011-04-25 14:00:00,128.69673169172748
2011-04-25 15:00:00,146.0895895166759
2011-04-25 16:00:00,205.58040488574332
2011-04-25 17:00:00,403.7571248713885
2011-04-25 18:00:00,386.46778211872333
2011-04-25 19:00:00,278.9138114462289
2011-04-25 20:00:00,187.56655386376332
2011-04-25 21:00:00,130.8242102826136
2011-04-25 22:00:00,77.67710152838526
2011-04-25 23:00:00,46.97645597323351
2011-04-26 00:00:00,18.79101633832996
2011-04-26 01:00:00,7.959812664066211
2011-04-26 02:00:00,3.895706110474618
2011-04-26 03:00:00,2.1203146288150765
2011-04-26 04:00:00,2.5024156504166157
2011-04-26 05:00:00,12.257449428934672
2011-04-26 06:00:00,65.18278637862214
2011-04-26 07:00:00,187.99011201039522
2011-04-26 08:00:00,346.3562722210662
2011-04-26 09:00:00,171.98951403343503
2011-04-26 10:00:00,96.9980786654508
2011-04-26 11:00:00,110.83479944882956
2011-04-26 12:00:00,132.05506979080755
2011-04-26 13:00:00,130.45585742895392
2011-04-26 14:00:00,119.95232049754287
2011-04-26 15:00:00,133.45070526557456
2011-04-26 16:00:00,192.41941847904587
2011-04-26 17:00:00,407.24771956171645
2011-04-26 18:00:00,378.8863867254718
2011-04-26 19:00:00,257.31680816145604
2011-04-26 20:00:00,167.65583555772787
2011-04-26 21:00:00,108.16351314751205
2011-04-26 22:00:00,73.76003151363294
2011-04-26 23:00:00,44.13482884118832
2011-04-27 00:00:00,21.02814354776538
2011-04-27 01:00:00,8.467022911467756
2011-04-27 02:00:00,4.016326836084524
2011-04-27 03:00:00,2.4695297598959356
2011-04-27 04:00:00,2.4454466090567983
2011-04-27 05:00:00,9.948305800900252
2011-04-27 06:00:00,55.66385739642147
2011-04-27 07:00:00,201.19748107043793
2011-04-27 08:00:00,309.47552883954165
2011-04-27 09:00:00,141.1138553361564
2011-04-27 10:00:00,83.18462351485569
2011-04-27 11:00:00,89.5098920304924
2011-04-27 12:00:00,126.70296223150177
2011-04-27 13:00:00,115.03246642406224
2011-04-27 14:00:00,125.07353576562075
2011-04-27 15:00:00,133.81613089080318
2011-04-27 16:00:00,180.99311482381864
2011-04-27 17:00:00,248.96438337710666
2011-04-27 18:00:00,233.98641316075268
2011-04-27 19:00:00,222.4882961253659
2011-04-27 20:00:00,138.43567700417046
2011-04-27 21:00:00,101.7588313245003
2011-04-27 22:00:00,67.40930684538857
2011-04-27 23:00:00,42.13155574685506
2011-04-28 00:00:00,27.48169869739556
2011-04-28 01:00:00,9.604842372617025
2011-04-28 02:00:00,4.829790495180064
2011-04-28 03:00:00,2.9696043458318484
2011-04-28 04:00:00,2.611465335290231
2011-04-28 05:00:00,14.060933701214818
2011-04-28 06:00:00,84.56151845817281
2011-04-28 07:00:00,235.67985803947224
2011-04-28 08:00:00,431.34078805382785
2011-04-28 09:00:00,86.15609863570337
2011-04-28 10:00:00,78.91281401395639
2011-04-28 11:00:00,82.63375209026526
2011-04-28 12:00:00,121.1231157912148
2011-04-28 13:00:00,100.62005416741525
2011-04-28 14:00:00,103.89519939928437
2011-04-28 15:00:00,147.45968563962845
2011-04-28 16:00:00,165.60286135002056
2011-04-28 17:00:00,403.04254592734674
2011-04-28 18:00:00,375.29376765420784
2011-04-28 19:00:00,278.06377591685475
2011-04-28 20:00:00,192.18027568558833
2011-04-28 21:00:00,145.56466217054256
2011-04-28 22:00:00,118.65039279950595
2011-04-28 23:00:00,79.39763758919236
2011-04-29 00:00:00,42.439729394215924
2011-04-29 01:00:00,16.91297970995602
2011-04-29 02:00:00,8.440682581695091
2011-04-29 03:00:00,4.198956162834514
2011-04-29 04:00:00,3.1788989031949346
2011-04-29 05:00:00,16.55075597147364
2011-04-29 06:00:00,83.85865196266433
2011-04-29 07:00:00,238.27856790840346
2011-04-29 08:00:00,420.05570248044927
2011-04-29 09:00:00,201.9176176924689
2011-04-29 10:00:00,125.11435335377624
2011-04-29 11:00:00,147.5604003305719
2011-04-29 12:00:00,174.23086171368868
2011-04-29 13:00:00,170.95370931266754
2011-04-29 14:00:00,162.07541329906178
2011-04-29 15:00:00,168.85185592800264
2011-04-29 16:00:00,222.21971581320645
2011-04-29 17:00:00,373.5161077117348
2011-04-29 18:00:00,336.61286978931435
2011-04-29 19:00:00,227.10525287402947
2011-04-29 20:00:00,169.8963659531962
2011-04-29 21:00:00,133.02814051138745
2011-04-29 22:00:00,96.0528958813483
2011-04-29 23:00:00,65.80439625509541
2011-04-30 00:00:00,49.90664837682072
2011-04-30 01:00:00,38.73369906512608
2011-04-30 02:00:00,30.60841006003973
2011-04-30 03:00:00,13.582661425038403
2011-04-30 04:00:00,4.675506785983992
2011-04-30 05:00:00,5.090164726988918
2011-04-30 06:00:00,12.749022630698175
2011-04-30 07:00:00,31.940889973998114
2011-04-30 08:00:00,80.57976368518534
2011-04-30 09:00:00,138.12713159711294
2011-04-30 10:00:00,193.97690592050202
2011-04-30 11:00:00,244.36687929829853
2011-04-30 12:00:00,306.4875899017578
2011-04-30 13:00:00,310.1049225288555
2011-04-30 14:00:00,323.27979222317373
2011-04-30 15:00:00,325.77325547187706
2011-04-30 16:00:00,298.55266797306456
2011-04-30 17:00:00,275.42415104749614
2011-04-30 18:00:00,229.21449538947087
2011-04-30 19:00:00,187.57140294042134
2011-04-30 20:00:00,119.46644269883134
2011-04-30 21:00:00,95.70887745823946
2011-04-30 22:00:00,90.49268779727252
2011-04-30 23:00:00,71.6627715402682
2011-05-20 00:00:00,38.807747726172856
2011-05-20 01:00:00,16.92019226919486
2011-05-20 02:00:00,11.256369564549978
2011-05-20 03:00:00,5.5248245311688455
2011-05-20 04:00:00,4.891704279198625
2011-05-20 05:00:00,18.377031434030698
2011-05-20 06:00:00,117.710580149151
2011-05-20 07:00:00,305.06467172735597
2011-05-20 08:00:00,525.6077072074755
2011-05-20 09:00:00,262.198155808173
2011-05-20 10:00:00,170.7176067060084
2011-05-20 11:00:00,191.24024775234102
2011-05-20 12:00:00,250.68005435346572
2011-05-20 13:00:00,253.55597547538926
2011-05-20 14:00:00,233.94089988373236
2011-05-20 15:00:00,251.8330648772977
2011-05-20 16:00:00,362.4169751295895
2011-05-20 17:00:00,566.5933217111607
2011-05-20 18:00:00,552.8949550504964
2011-05-20 19:00:00,378.3630891608694
2011-05-20 20:00:00,297.9982052270405
2011-05-20 21:00:00,230.48144639335086
2011-05-20 22:00:00,185.44437136509708
2011-05-20 23:00:00,127.737150853457
2011-05-21 00:00:00,132.20840117390193
2011-05-21 01:00:00,98.52472107528956
2011-05-21 02:00:00,80.20095827255173
2011-05-21 03:00:00,31.946190736463894
2011-05-21 04:00:00,8.76335033676373
2011-05-21 05:00:00,9.297952183565414
2011-05-21 06:00:00,25.05181080010346
2011-05-21 07:00:00,66.34750847002881
2011-05-21 08:00:00,147.61608765009032
2011-05-21 09:00:00,250.17807881879932
2011-05-21 10:00:00,332.8423189428392
2011-05-21 11:00:00,424.79611775187686
2011-05-21 12:00:00,484.27163410712126
2011-05-21 13:00:00,499.5049656383657
2011-05-21 14:00:00,474.2087112996896
2011-05-21 15:00:00,490.8684473625324
2011-05-21 16:00:00,472.7624826258422
2011-05-21 17:00:00,438.61209288012236
2011-05-21 18:00:00,386.3688907294833
2011-05-21 19:00:00,326.9348370917524
2011-05-21 20:00:00,241.5101409155146
2011-05-21 21:00:00,205.08929035591228
2011-05-21 22:00:00,193.9943898090833
2011-05-21 23:00:00,161.4189434326423
2011-05-22 00:00:00,139.0771413821326
2011-05-22 01:00:00,110.52466160102007
2011-05-22 02:00:00,88.0032855628727
2011-05-22 03:00:00,30.921305829698305
2011-05-22 04:00:00,8.548970849170763
2011-05-22 05:00:00,6.945418349488861
2011-05-22 06:00:00,14.781785870932206
2011-05-22 07:00:00,47.972511433878694
2011-05-22 08:00:00,122.11916893419523
2011-05-22 09:00:00,199.16189604010248
2011-05-22 10:00:00,304.2460461292939
2011-05-22 11:00:00,384.03354546970905
2011-05-22 12:00:00,421.3691634490621
2011-05-22 13:00:00,465.08124830950317
2011-05-22 14:00:00,379.69812490796176
2011-05-22 15:00:00,465.15834660420387
2011-05-22 16:00:00,469.11300357634804
2011-05-22 17:00:00,392.78390439960293
2011-05-22 18:00:00,363.6820003701012
2011-05-22 19:00:00,302.7072208265907
2011-05-22 20:00:00,227.07676282616865
2011-05-22 21:00:00,168.15585490198524
2011-05-22 22:00:00,118.84632143012577
2011-05-22 23:00:00,74.17865453592997
2011-05-23 00:00:00,43.76145441078215
2011-05-23 01:00:00,21.163323842747904
2011-05-23 02:00:00,16.096455988418946
2011-05-23 03:00:00,8.190474901923574
2011-05-23 04:00:00,4.297916272008499
2011-05-23 05:00:00,15.735908759376416
2011-05-23 06:00:00,63.06852516873054
2011-05-23 07:00:00,198.11511771788537
2011-05-23 08:00:00,436.9172766188086
2011-05-23 09:00:00,206.85370796610064
2011-05-23 10:00:00,133.01077047271124
2011-05-23 11:00:00,160.74896647134688
2011-05-23 12:00:00,204.68301466992708
2011-05-23 13:00:00,199.291216871957
2011-05-23 14:00:00,168.43119531597443
2011-05-23 15:00:00,203.9663063715132
2011-05-23 16:00:00,320.5064120921125
2011-05-23 17:00:00,703.7851234811598
2011-05-23 18:00:00,554.4469534629498
2011-05-23 19:00:00,406.2721067505573
2011-05-23 20:00:00,222.37286136148794
2011-05-23 21:00:00,164.0470365679915
2011-05-23 22:00:00,93.1145025878988
2011-05-23 23:00:00,60.96573682203745
2011-05-24 00:00:00,17.16726162578306
2011-05-24 01:00:00,9.039624931606264
2011-05-24 02:00:00,6.038006013676831
2011-05-24 03:00:00,3.8893085278967723
2011-05-24 04:00:00,4.5871002587458385
2011-05-24 05:00:00,14.727480877651324
2011-05-24 06:00:00,64.21142634695241
2011-05-24 07:00:00,337.99938084291375
2011-05-24 08:00:00,460.67359135113975
2011-05-24 09:00:00,242.00968820263049
2011-05-24 10:00:00,141.17337389491556
2011-05-24 11:00:00,176.11556078640075
2011-05-24 12:00:00,210.70191100601005
2011-05-24 13:00:00,206.89237200380603
2011-05-24 14:00:00,186.02792779096524
2011-05-24 15:00:00,223.89055339854048
2011-05-24 16:00:00,319.7045400212178
2011-05-24 17:00:00,621.2678411743383
2011-05-24 18:00:00,588.9089889242566
2011-05-24 19:00:00,439.35783181273047
2011-05-24 20:00:00,316.0513650504461
2011-05-24 21:00:00,201.49348901559665
2011-05-24 22:00:00,112.65664231673547
2011-05-24 23:00:00,123.14370533744629
2011-05-25 00:00:00,29.54931200296843
2011-05-25 01:00:00,13.31245143303672
2011-05-25 02:00:00,6.233756093456178
2011-05-25 03:00:00,4.466119165791581
2011-05-25 04:00:00,3.940488892343415
2011-05-25 05:00:00,26.38165885360456
2011-05-25 06:00:00,80.13311293530805
2011-05-25 07:00:00,346.69249826264166
2011-05-25 08:00:00,498.11282653387906
2011-05-25 09:00:00,253.90530878038706
2011-05-25 10:00:00,133.22023322800345
2011-05-25 11:00:00,153.9302348518662
2011-05-25 12:00:00,196.68715947160422
2011-05-25 13:00:00,195.1998571140601
2011-05-25 14:00:00,181.99120244969626
2011-05-25 15:00:00,189.64408566611218
2011-05-25 16:00:00,270.5828872803127
2011-05-25 17:00:00,551.9422268221437
2011-05-25 18:00:00,539.3191366135733
2011-05-25 19:00:00,400.37358587851895
2011-05-25 20:00:00,293.17556169194836
2011-05-25 21:00:00,228.93479776749382
2011-05-25 22:00:00,167.0010445442402
2011-05-25 23:00:00,95.1804126366654
2011-05-26 00:00:00,54.29940627139386
2011-05-26 01:00:00,22.862939989527522
2011-05-26 02:00:00,10.817158450420031
2011-05-26 03:00:00,5.3559167734213835
2011-05-26 04:00:00,5.456137974056811
2011-05-26 05:00:00,25.400968783646597
2011-05-26 06:00:00,77.3635877337929
2011-05-26 07:00:00,217.14378131977958
2011-05-26 08:00:00,528.4824122220023
2011-05-26 09:00:00,276.64634252110284
2011-05-26 10:00:00,139.45724515852274
2011-05-26 11:00:00,168.49345209135183
2011-05-26 12:00:00,205.2033506018474
2011-05-26 13:00:00,205.3299321297688
2011-05-26 14:00:00,183.23702567702753
2011-05-26 15:00:00,207.6391234402089
2011-05-26 16:00:00,284.64737902248726
2011-05-26 17:00:00,596.3214719706242
2011-05-26 18:00:00,563.0077346531543
2011-05-26 19:00:00,400.8429194500224
2011-05-26 20:00:00,326.2144134017279
2011-05-26 21:00:00,244.7839181019301
2011-05-26 22:00:00,192.71575778448366
2011-05-26 23:00:00,129.66351647440302
2011-05-27 00:00:00,74.55531996837064
2011-05-27 01:00:00,31.01504563518237
2011-05-27 02:00:00,17.151866014628496
2011-05-27 03:00:00,8.327160911648232
2011-05-27 04:00:00,6.187851591544761
2011-05-27 05:00:00,29.228693579632658
2011-05-27 06:00:00,136.29722994026014
2011-05-27 07:00:00,324.92443061139556
2011-05-27 08:00:00,562.9255376188548
2011-05-27 09:00:00,254.78873691716416
2011-05-27 10:00:00,171.688495748236
2011-05-27 11:00:00,194.73613299569325
2011-05-27 12:00:00,242.52968646722536
2011-05-27 13:00:00,256.482521163267
2011-05-27 14:00:00,236.25099588422418
2011-05-27 15:00:00,243.0353181075264
2011-05-27 16:00:00,344.24221149345937
2011-05-27 17:00:00,576.275179546305
2011-05-27 18:00:00,549.7108663937604
2011-05-27 19:00:00,330.2390845402033
2011-05-27 20:00:00,267.1031304238575
2011-05-27 21:00:00,192.63828024431353
2011-05-27 22:00:00,171.06470621445348
2011-05-27 23:00:00,117.77092367279563
2011-05-28 00:00:00,123.09594327193115
2011-05-28 01:00:00,90.29898350148885
2011-05-28 02:00:00,75.13625600996302
2011-05-28 03:00:00,32.65832484414798
2011-05-28 04:00:00,9.262732628331822
2011-05-28 05:00:00,9.734139099201094
2011-05-28 06:00:00,26.601010786163087
2011-05-28 07:00:00,60.60681062024752
2011-05-28 08:00:00,149.57227388805362
2011-05-28 09:00:00,239.69864886847103
2011-05-28 10:00:00,328.9262551686193
2011-05-28 11:00:00,404.6555080107115
2011-05-28 12:00:00,458.1600260926102
2011-05-28 13:00:00,468.6650068521137
2011-05-28 14:00:00,462.81386940376404
2011-05-28 15:00:00,468.77693194243597
2011-05-28 16:00:00,433.9073266519595
2011-05-28 17:00:00,414.0491465773432
2011-05-28 18:00:00,372.9234957923084
2011-05-28 19:00:00,312.3292370528063
2011-05-28 20:00:00,250.7803236135592
2011-05-28 21:00:00,214.04769667872702
2011-05-28 22:00:00,180.60624071208204
2011-05-28 23:00:00,149.57056240729705
2011-05-29 00:00:00,138.78541627588658
2011-05-29 01:00:00,109.36349530715462
2011-05-29 02:00:00,88.10355252394679
2011-05-29 03:00:00,38.352735951684586
2011-05-29 04:00:00,11.287863180248143
2011-05-29 05:00:00,8.703050009318407
2011-05-29 06:00:00,16.589990647027644
2011-05-29 07:00:00,41.25767077331964
2011-05-29 08:00:00,97.24554261393317
2011-05-29 09:00:00,117.64086399108481
2011-05-29 10:00:00,280.29277536818313
2011-05-29 11:00:00,304.1390723031045
2011-05-29 12:00:00,401.6010585953865
2011-05-29 13:00:00,414.4024416710167
2011-05-29 14:00:00,414.533923268842
2011-05-29 15:00:00,405.83120454539386
2011-05-29 16:00:00,397.36113153825727
2011-05-29 17:00:00,362.4650984273073
2011-05-29 18:00:00,317.4851623829209
2011-05-29 19:00:00,273.35370741605976
2011-05-29 20:00:00,187.96393699673703
2011-05-29 21:00:00,169.07284289157542
2011-05-29 22:00:00,122.94993668247848
2011-05-29 23:00:00,88.02380328512068
2011-05-30 00:00:00,83.60990842267427
2011-05-30 01:00:00,71.4644320297958
2011-05-30 02:00:00,43.66635751171638
2011-05-30 03:00:00,17.645375406611187
2011-05-30 04:00:00,10.208776617621346
2011-05-30 05:00:00,11.829749025561323
2011-05-30 06:00:00,20.9601276998926
2011-05-30 07:00:00,61.89275251615785
2011-05-30 08:00:00,128.27424665018935
2011-05-30 09:00:00,190.92762582761114
2011-05-30 10:00:00,203.9526212874924
2011-05-30 11:00:00,233.81987380888967
2011-05-30 12:00:00,246.61089414922375
2011-05-30 13:00:00,267.57239046047954
2011-05-30 14:00:00,308.7748791297264
2011-05-30 15:00:00,315.85026120915643
2011-05-30 16:00:00,317.8217756932995
2011-05-30 17:00:00,373.21217576606136
2011-05-30 18:00:00,345.7037273218679
2011-05-30 19:00:00,340.68350955379555
2011-05-30 20:00:00,239.6981417695037
2011-05-30 21:00:00,201.0920796019903
2011-05-30 22:00:00,157.08021842045397
2011-05-30 23:00:00,83.60008592599587
2011-05-31 00:00:00,34.613760743790635
2011-05-31 01:00:00,14.90273906634585
2011-05-31 02:00:00,7.02050768441953
2011-05-31 03:00:00,3.7769288658363185
2011-05-31 04:00:00,5.139297552632018
2011-05-31 05:00:00,25.353714795301435
2011-05-31 06:00:00,114.15824853001449
2011-05-31 07:00:00,283.03105439836827
2011-05-31 08:00:00,536.081386597016
2011-05-31 09:00:00,247.88760676965293
2011-05-31 10:00:00,133.75670431007833
2011-05-31 11:00:00,151.60249139864587
2011-05-31 12:00:00,187.55386293750036
2011-05-31 13:00:00,184.13886928679435
2011-05-31 14:00:00,167.0664529044855
2011-05-31 15:00:00,187.3368048743132
2011-05-31 16:00:00,283.4829702186859
2011-05-31 17:00:00,560.5646573859569
2011-05-31 18:00:00,553.4493068453231
2011-05-31 19:00:00,430.33217656619786
2011-05-31 20:00:00,295.83457429490767
2011-05-31 21:00:00,218.54167036143394
2011-05-31 22:00:00,180.26695616061755
2011-05-31 23:00:00,90.09154520377903
2011-06-20 00:00:00,42.00215198787165
2011-06-20 01:00:00,16.03307797112843
2011-06-20 02:00:00,9.722077061387031
2011-06-20 03:00:00,5.2897838051149195
2011-06-20 04:00:00,4.664995994126081
2011-06-20 05:00:00,21.09744020268747
2011-06-20 06:00:00,103.9947939090051
2011-06-20 07:00:00,184.51659439325027
2011-06-20 08:00:00,255.13891857453976
2011-06-20 09:00:00,195.4277559097558
2011-06-20 10:00:00,108.47493315136116
2011-06-20 11:00:00,112.93445343122879
2011-06-20 12:00:00,174.28491211332994
2011-06-20 13:00:00,167.96136969455569
2011-06-20 14:00:00,168.46150190447926
2011-06-20 15:00:00,189.8969290089542
2011-06-20 16:00:00,295.68470366171664
2011-06-20 17:00:00,540.3574810131288
2011-06-20 18:00:00,530.449896411595
2011-06-20 19:00:00,376.73880846403836
2011-06-20 20:00:00,263.30639525288666
2011-06-20 21:00:00,204.21073346644468
2011-06-20 22:00:00,117.4154364893494
2011-06-20 23:00:00,70.33694475693952
2011-06-21 00:00:00,30.012457239842863
2011-06-21 01:00:00,13.065101637036115
2011-06-21 02:00:00,5.31289678127436
2011-06-21 03:00:00,3.3559316316338683
2011-06-21 04:00:00,5.309960180263664
2011-06-21 05:00:00,25.559013447176568
2011-06-21 06:00:00,100.96419293542365
2011-06-21 07:00:00,206.93645715531554
2011-06-21 08:00:00,417.246080137194
2011-06-21 09:00:00,193.1115140715436
2011-06-21 10:00:00,113.72680554989921
2011-06-21 11:00:00,148.29064792629953
2011-06-21 12:00:00,220.2084583858517
2011-06-21 13:00:00,198.9030803910406
2011-06-21 14:00:00,186.82691196129184
2011-06-21 15:00:00,198.02159083712328
2011-06-21 16:00:00,308.0517257684853
2011-06-21 17:00:00,587.9773045199768
2011-06-21 18:00:00,565.3397996460261
2011-06-21 19:00:00,413.3558245444485
2011-06-21 20:00:00,306.1567162223407
2011-06-21 21:00:00,233.75856356925846
2011-06-21 22:00:00,168.85722915874388
2011-06-21 23:00:00,110.63427729418494
2011-06-22 00:00:00,34.87416418880083
2011-06-22 01:00:00,14.857514157064584
2011-06-22 02:00:00,6.588094586569553
2011-06-22 03:00:00,4.939335718845661
2011-06-22 04:00:00,5.448650190037158
2011-06-22 05:00:00,27.75178587254009
2011-06-22 06:00:00,128.06051646628623
2011-06-22 07:00:00,339.37921808735484
2011-06-22 08:00:00,535.6686598537804
2011-06-22 09:00:00,252.74495287965786
2011-06-22 10:00:00,139.39556625083716
2011-06-22 11:00:00,172.49106358774387
2011-06-22 12:00:00,197.6389492353904
2011-06-22 13:00:00,186.92639368201503
2011-06-22 14:00:00,170.38421061050576
2011-06-22 15:00:00,178.35152901647413
2011-06-22 16:00:00,261.41186375739824
2011-06-22 17:00:00,561.1883262869087
2011-06-22 18:00:00,552.1583304091603
2011-06-22 19:00:00,419.1472935588123
2011-06-22 20:00:00,325.96715034479763
2011-06-22 21:00:00,208.93009119846292
2011-06-22 22:00:00,143.74416516644473
2011-06-22 23:00:00,90.02295253946315
2011-06-23 00:00:00,35.896174664060005
2011-06-23 01:00:00,16.163739562271516
2011-06-23 02:00:00,7.520375869356094
2011-06-23 03:00:00,4.1287707905965325
2011-06-23 04:00:00,6.198611466337172
2011-06-23 05:00:00,32.94375108699217
2011-06-23 06:00:00,126.63319469312934
2011-06-23 07:00:00,336.76610061461605
2011-06-23 08:00:00,491.496048363308
2011-06-23 09:00:00,256.032437281274
2011-06-23 10:00:00,136.78247251928008
2011-06-23 11:00:00,161.08179783059802
2011-06-23 12:00:00,193.96209702653533
2011-06-23 13:00:00,197.7317849809511
2011-06-23 14:00:00,168.6365675365017
2011-06-23 15:00:00,188.52283482295843
2011-06-23 16:00:00,293.0898169326765
2011-06-23 17:00:00,526.3201809348582
2011-06-23 18:00:00,538.7332007120715
2011-06-23 19:00:00,383.9386479148097
2011-06-23 20:00:00,311.24104015526973
2011-06-23 21:00:00,242.94770759347645
2011-06-23 22:00:00,181.2214055882504
2011-06-23 23:00:00,125.23247564909595
2011-06-24 00:00:00,56.47683614258892
2011-06-24 01:00:00,21.07969430166501
2011-06-24 02:00:00,10.064001122770769
2011-06-24 03:00:00,6.166047403768673
2011-06-24 04:00:00,6.866871810229134
2011-06-24 05:00:00,29.76307094054311
2011-06-24 06:00:00,126.8357854657754
2011-06-24 07:00:00,272.36332670621914
2011-06-24 08:00:00,508.63792396611746
2011-06-24 09:00:00,255.22048502297315
2011-06-24 10:00:00,164.60945431482918
2011-06-24 11:00:00,200.25861017520307
2011-06-24 12:00:00,254.31388601426283
2011-06-24 13:00:00,253.90315426883743
2011-06-24 14:00:00,222.32614895203182
2011-06-24 15:00:00,242.18261522338156
2011-06-24 16:00:00,361.53393896736503
2011-06-24 17:00:00,594.6853243106989
2011-06-24 18:00:00,551.1661670536674
2011-06-24 19:00:00,401.718700699102
2011-06-24 20:00:00,322.36935880577374
2011-06-24 21:00:00,244.01967801807749
2011-06-24 22:00:00,195.40110283687363
2011-06-24 23:00:00,141.2266125371271
2011-06-25 00:00:00,104.3377594289097
2011-06-25 01:00:00,78.32941300384988
2011-06-25 02:00:00,60.238052986611976
2011-06-25 03:00:00,26.56507919483999
2011-06-25 04:00:00,10.93882349368395
2011-06-25 05:00:00,11.05198399861042
2011-06-25 06:00:00,26.287261559217292
2011-06-25 07:00:00,58.88761165680974
2011-06-25 08:00:00,137.99844358605395
2011-06-25 09:00:00,242.24227107123755
2011-06-25 10:00:00,344.48670434418796
2011-06-25 11:00:00,422.8986486521106
2011-06-25 12:00:00,494.9281122831388
2011-06-25 13:00:00,494.0458019045797
2011-06-25 14:00:00,485.51868779537295
2011-06-25 15:00:00,487.1364148846032
2011-06-25 16:00:00,488.2607765755066
2011-06-25 17:00:00,462.58747425320985
2011-06-25 18:00:00,405.7103370360699
2011-06-25 19:00:00,313.80187901713253
2011-06-25 20:00:00,265.9584347877858
2011-06-25 21:00:00,240.40506789825866
2011-06-25 22:00:00,218.77024948197462
2011-06-25 23:00:00,159.8187881263492
2011-06-26 00:00:00,110.92463435713884
2011-06-26 01:00:00,88.53361816928638
2011-06-26 02:00:00,68.35683381684038
2011-06-26 03:00:00,31.1959015759737
2011-06-26 04:00:00,12.354103937402735
2011-06-26 05:00:00,11.890397030653673
2011-06-26 06:00:00,19.011866090370553
2011-06-26 07:00:00,44.08781856959444
2011-06-26 08:00:00,110.40493436354744
2011-06-26 09:00:00,199.70127085159305
2011-06-26 10:00:00,315.4095411122449
2011-06-26 11:00:00,426.4064250898532
2011-06-26 12:00:00,483.87129889976393
2011-06-26 13:00:00,470.2731930639464
2011-06-26 14:00:00,484.599552879222
2011-06-26 15:00:00,462.7696010823888
2011-06-26 16:00:00,474.1311525006219
2011-06-26 17:00:00,413.5587721043041
2011-06-26 18:00:00,358.0401003906938
2011-06-26 19:00:00,283.2977820690248
2011-06-26 20:00:00,225.52560791066125
2011-06-26 21:00:00,179.17939475283603
2011-06-26 22:00:00,146.97765085115628
2011-06-26 23:00:00,93.84561032779615
2011-06-27 00:00:00,40.92170150662446
2011-06-27 01:00:00,18.153433103180625
2011-06-27 02:00:00,12.420034430917164
2011-06-27 03:00:00,6.580991452741255
2011-06-27 04:00:00,5.245683879182662
2011-06-27 05:00:00,24.63633634821174
2011-06-27 06:00:00,109.63272076778534
2011-06-27 07:00:00,307.4014742941401
2011-06-27 08:00:00,483.07471547740175
2011-06-27 09:00:00,242.42392585241703
2011-06-27 10:00:00,144.69241805532207
2011-06-27 11:00:00,162.39891397853262
2011-06-27 12:00:00,200.16364942802912
2011-06-27 13:00:00,199.26212454264996
2011-06-27 14:00:00,184.00166427780675
2011-06-27 15:00:00,198.14579889028596
2011-06-27 16:00:00,338.162533316943
2011-06-27 17:00:00,598.9990829148585
2011-06-27 18:00:00,575.888461873418
2011-06-27 19:00:00,426.779470497567
2011-06-27 20:00:00,295.9247855618175
2011-06-27 21:00:00,224.4210206122572
2011-06-27 22:00:00,152.76698797703926
2011-06-27 23:00:00,89.8569720083794
2011-06-28 00:00:00,31.021695796393292
2011-06-28 01:00:00,13.1107684504534
2011-06-28 02:00:00,6.110290866457281
2011-06-28 03:00:00,3.8953333183194916
2011-06-28 04:00:00,7.120229825102039
2011-06-28 05:00:00,35.065555143360996
2011-06-28 06:00:00,126.32943857010795
2011-06-28 07:00:00,335.9655617892814
2011-06-28 08:00:00,505.0371390586018
2011-06-28 09:00:00,245.1234140572292
2011-06-28 10:00:00,138.20825706491436
2011-06-28 11:00:00,167.00596346147296
2011-06-28 12:00:00,198.37804144137823
2011-06-28 13:00:00,197.10644619587575
2011-06-28 14:00:00,173.0483870043089
2011-06-28 15:00:00,181.7107736962382
2011-06-28 16:00:00,283.2152028746251
2011-06-28 17:00:00,684.1356532724931
2011-06-28 18:00:00,728.5080668019425
2011-06-28 19:00:00,424.1236776571794
2011-06-28 20:00:00,306.3682495553351
2011-06-28 21:00:00,226.47965186726745
2011-06-28 22:00:00,187.28823379581436
2011-06-28 23:00:00,99.81409543845322
2011-06-29 00:00:00,32.07942542996567
2011-06-29 01:00:00,12.44782216036823
2011-06-29 02:00:00,6.014426174080961
2011-06-29 03:00:00,4.399741435915166
2011-06-29 04:00:00,5.970184986545551
2011-06-29 05:00:00,31.561842713692716
2011-06-29 06:00:00,126.65573231686004
2011-06-29 07:00:00,378.675502140156
2011-06-29 08:00:00,542.8708909934819
2011-06-29 09:00:00,282.9447956798746
2011-06-29 10:00:00,150.532115073108
2011-06-29 11:00:00,189.05613917339775
2011-06-29 12:00:00,238.2903017793132
2011-06-29 13:00:00,206.85010879544768
2011-06-29 14:00:00,188.99264503353575
2011-06-29 15:00:00,208.82813769402946
2011-06-29 16:00:00,298.62516745069934
2011-06-29 17:00:00,604.8645112016144
2011-06-29 18:00:00,561.3534380619265
2011-06-29 19:00:00,436.34237848248324
2011-06-29 20:00:00,330.355977187433
2011-06-29 21:00:00,262.671337312739
2011-06-29 22:00:00,202.98690995546133
2011-06-29 23:00:00,110.83997574059306
2011-06-30 00:00:00,41.71159046833724
2011-06-30 01:00:00,17.25313784196852
2011-06-30 02:00:00,8.098342012714443
2011-06-30 03:00:00,4.290906176865569
2011-06-30 04:00:00,6.44859876634011
2011-06-30 05:00:00,32.32204999448915
2011-06-30 06:00:00,125.67748295902439
2011-06-30 07:00:00,344.6842949865732
2011-06-30 08:00:00,550.757479119701
2011-06-30 09:00:00,275.7192766609053
2011-06-30 10:00:00,154.79674169272738
2011-06-30 11:00:00,183.5615331006664
2011-06-30 12:00:00,231.33850882015818
2011-06-30 13:00:00,228.51655784293078
2011-06-30 14:00:00,199.0819510299501
2011-06-30 15:00:00,222.44221147294772
2011-06-30 16:00:00,316.6369781647137
2011-06-30 17:00:00,608.2133812501843
2011-06-30 18:00:00,587.391581574289
2011-06-30 19:00:00,426.1127221544394
2011-06-30 20:00:00,329.36420934582947
2011-06-30 21:00:00,256.74522474118663
2011-06-30 22:00:00,206.37305473424502
2011-06-30 23:00:00,133.50056567030424
2011-07-20 00:00:00,39.62536921021063
2011-07-20 01:00:00,15.382807024459957
2011-07-20 02:00:00,7.198637924075925
2011-07-20 03:00:00,5.261745262829984
2011-07-20 04:00:00,4.6036203462425895
2011-07-20 05:00:00,27.2295287153754
2011-07-20 06:00:00,99.14232548316652
2011-07-20 07:00:00,306.4867922972251
2011-07-20 08:00:00,479.94579971811845
2011-07-20 09:00:00,242.56146177491115
2011-07-20 10:00:00,128.79748372526507
2011-07-20 11:00:00,143.92674808808943
2011-07-20 12:00:00,172.69755045424105
2011-07-20 13:00:00,171.42274001467896
2011-07-20 14:00:00,151.13727244697853
2011-07-20 15:00:00,167.83810906781682
2011-07-20 16:00:00,242.21233866990164
2011-07-20 17:00:00,487.41836117638064
2011-07-20 18:00:00,488.3233417112879
2011-07-20 19:00:00,342.75580073145545
2011-07-20 20:00:00,276.6024319485256
2011-07-20 21:00:00,216.98538629840272
2011-07-20 22:00:00,172.13888937420708
2011-07-20 23:00:00,99.34716688032746
2011-07-21 00:00:00,47.43987960491755
2011-07-21 01:00:00,17.429627014338216
2011-07-21 02:00:00,8.277927227577912
2011-07-21 03:00:00,5.048001948282052
2011-07-21 04:00:00,4.9068385050850365
2011-07-21 05:00:00,24.57812825713159
2011-07-21 06:00:00,107.49336595796633
2011-07-21 07:00:00,292.5758540809798
2011-07-21 08:00:00,452.1051843041859
2011-07-21 09:00:00,221.21025322121523
2011-07-21 10:00:00,114.84546148924507
2011-07-21 11:00:00,124.75193225558401
2011-07-21 12:00:00,157.31199382028802
2011-07-21 13:00:00,152.9404673317243
2011-07-21 14:00:00,138.89498037427677
2011-07-21 15:00:00,125.46354191902563
2011-07-21 16:00:00,177.08111392540258
2011-07-21 17:00:00,370.74475061172126
2011-07-21 18:00:00,423.6244240837578
2011-07-21 19:00:00,250.6757870708372
2011-07-21 20:00:00,243.60099504428098
2011-07-21 21:00:00,199.60269989647483
2011-07-21 22:00:00,169.32416655575844
2011-07-21 23:00:00,119.2562749162153
2011-07-22 00:00:00,65.71361551885377
2011-07-22 01:00:00,27.6352339801431
2011-07-22 02:00:00,12.693654299292
2011-07-22 03:00:00,7.355015474844153
2011-07-22 04:00:00,5.502663892120029
2011-07-22 05:00:00,25.17156808911412
2011-07-22 06:00:00,115.42290337550607
2011-07-22 07:00:00,266.50688087943047
2011-07-22 08:00:00,430.8638877112308
2011-07-22 09:00:00,194.1677867948086
2011-07-22 10:00:00,103.39507605910714
2011-07-22 11:00:00,148.64512396434355
2011-07-22 12:00:00,135.6960567418868
2011-07-22 13:00:00,134.14420735920496
2011-07-22 14:00:00,115.1009556877457
2011-07-22 15:00:00,127.70110022808817
2011-07-22 16:00:00,230.2800514258762
2011-07-22 17:00:00,463.3491956523689
2011-07-22 18:00:00,466.85048602957886
2011-07-22 19:00:00,341.8413291702669
2011-07-22 20:00:00,271.12534774675726
2011-07-22 21:00:00,222.74749926561432
2011-07-22 22:00:00,167.6121931303128
2011-07-22 23:00:00,124.86997968339759
2011-07-23 00:00:00,104.51769273125167
2011-07-23 01:00:00,86.08423841407958
2011-07-23 02:00:00,57.29540162449898
2011-07-23 03:00:00,25.822561314603636
2011-07-23 04:00:00,8.314429293093921
2011-07-23 05:00:00,8.709024467108987
2011-07-23 06:00:00,21.9043878246161
2011-07-23 07:00:00,50.87190031284925
2011-07-23 08:00:00,116.38342646032237
2011-07-23 09:00:00,200.49515307152254
2011-07-23 10:00:00,273.0716545435988
2011-07-23 11:00:00,329.85911698117746
2011-07-23 12:00:00,337.364360715164
2011-07-23 13:00:00,300.50071095295755
2011-07-23 14:00:00,325.99785402358486
2011-07-23 15:00:00,287.3843817009676
2011-07-23 16:00:00,301.35797164452526
2011-07-23 17:00:00,274.5423150209638
2011-07-23 18:00:00,276.16099318820915
2011-07-23 19:00:00,285.00252674724914
2011-07-23 20:00:00,243.63811001626877
2011-07-23 21:00:00,194.52303186140335
2011-07-23 22:00:00,197.01023817425116
2011-07-23 23:00:00,155.5173627514371
2011-07-24 00:00:00,128.80372109378766
2011-07-24 01:00:00,97.74500025312824
2011-07-24 02:00:00,65.66992012955853
2011-07-24 03:00:00,30.716915174599535
2011-07-24 04:00:00,9.154360744211441
2011-07-24 05:00:00,9.443187292326396
2011-07-24 06:00:00,16.147232283227314
2011-07-24 07:00:00,39.79154342252268
2011-07-24 08:00:00,92.18799312772617
2011-07-24 09:00:00,159.4447736277026
2011-07-24 10:00:00,233.33245769821377
2011-07-24 11:00:00,324.60305659875905
2011-07-24 12:00:00,324.3742669040979
2011-07-24 13:00:00,373.1755954441521
2011-07-24 14:00:00,341.61239772775417
2011-07-24 15:00:00,322.529164437683
2011-07-24 16:00:00,325.3860191451507
2011-07-24 17:00:00,312.9945863726636
2011-07-24 18:00:00,287.29453351939685
2011-07-24 19:00:00,247.37373971782102
2011-07-24 20:00:00,208.2077264408599
2011-07-24 21:00:00,173.28971505746307
2011-07-24 22:00:00,133.20551460006644
2011-07-24 23:00:00,88.71924283195959
2011-07-25 00:00:00,42.05769124555711
2011-07-25 01:00:00,18.110118779190024
2011-07-25 02:00:00,9.626194416836276
2011-07-25 03:00:00,4.942098307321323
2011-07-25 04:00:00,5.101513700966655
2011-07-25 05:00:00,23.62952792817533
2011-07-25 06:00:00,94.16748360563372
2011-07-25 07:00:00,263.7741311346234
2011-07-25 08:00:00,444.2167060097333
2011-07-25 09:00:00,200.57324522170475
2011-07-25 10:00:00,117.8695090631473
2011-07-25 11:00:00,134.42028895863135
2011-07-25 12:00:00,166.3420021129701
2011-07-25 13:00:00,179.37586069522138
2011-07-25 14:00:00,129.35528377536085
2011-07-25 15:00:00,145.45573004950333
2011-07-25 16:00:00,250.56328488839307
2011-07-25 17:00:00,546.5821398724718
2011-07-25 18:00:00,564.1765681236839
2011-07-25 19:00:00,402.35135995046437
2011-07-25 20:00:00,299.2693151474666
2011-07-25 21:00:00,189.83966993769513
2011-07-25 22:00:00,124.14752810723023
2011-07-25 23:00:00,81.99226774817443
2011-07-26 00:00:00,39.66297633951202
2011-07-26 01:00:00,16.93502762789166
2011-07-26 02:00:00,7.949133659505013
2011-07-26 03:00:00,4.302656660865622
2011-07-26 04:00:00,5.256824778710652
2011-07-26 05:00:00,24.438945145426597
2011-07-26 06:00:00,108.46131167129417
2011-07-26 07:00:00,306.93240383274536
2011-07-26 08:00:00,485.8057440221495
2011-07-26 09:00:00,241.19789132501347
2011-07-26 10:00:00,135.7017821623679
2011-07-26 11:00:00,154.53720089097482
2011-07-26 12:00:00,187.99182074497
2011-07-26 13:00:00,183.1283892245688
2011-07-26 14:00:00,160.13992145252283
2011-07-26 15:00:00,179.18761975560383
2011-07-26 16:00:00,284.29675737008756
2011-07-26 17:00:00,538.2880333876296
2011-07-26 18:00:00,547.1259817626926
2011-07-26 19:00:00,397.1489653434043
2011-07-26 20:00:00,293.9131528896857
2011-07-26 21:00:00,229.7244256400533
2011-07-26 22:00:00,188.15823471441487
2011-07-26 23:00:00,103.05315710851353
2011-07-27 00:00:00,41.06944178710603
2011-07-27 01:00:00,15.456588198827568
2011-07-27 02:00:00,6.978637625114559
2011-07-27 03:00:00,5.505502852672375
2011-07-27 04:00:00,4.748955392514273
2011-07-27 05:00:00,26.21529922085435
2011-07-27 06:00:00,115.8700021528779
2011-07-27 07:00:00,330.3128322493312
2011-07-27 08:00:00,514.6262399461779
2011-07-27 09:00:00,259.12145848735764
2011-07-27 10:00:00,123.98732660516366
2011-07-27 11:00:00,149.60063928849016
2011-07-27 12:00:00,188.62683085386146
2011-07-27 13:00:00,180.50984606187248
2011-07-27 14:00:00,172.4447855017864
2011-07-27 15:00:00,183.10674018773997
2011-07-27 16:00:00,275.21943408401955
2011-07-27 17:00:00,535.8210572761556
2011-07-27 18:00:00,542.9511824723645
2011-07-27 19:00:00,381.62808916096327
2011-07-27 20:00:00,322.4797490110096
2011-07-27 21:00:00,235.4788021292929
2011-07-27 22:00:00,181.31723829472554
2011-07-27 23:00:00,104.18423780936507
2011-07-28 00:00:00,50.94439289251762
2011-07-28 01:00:00,20.489947066363484
2011-07-28 02:00:00,10.475247656249094
2011-07-28 03:00:00,5.4232441192506196
2011-07-28 04:00:00,5.636551993708401
2011-07-28 05:00:00,27.535433418942098
2011-07-28 06:00:00,123.1150088409212
2011-07-28 07:00:00,330.8798212082362
2011-07-28 08:00:00,459.734294891665
2011-07-28 09:00:00,234.31691902982914
2011-07-28 10:00:00,126.75247404233947
2011-07-28 11:00:00,137.02164016136499
2011-07-28 12:00:00,179.12383981766507
2011-07-28 13:00:00,177.77762680031455
2011-07-28 14:00:00,154.82836771657782
2011-07-28 15:00:00,170.93551304232386
2011-07-28 16:00:00,258.6963049236463
2011-07-28 17:00:00,503.02338320801493
2011-07-28 18:00:00,493.6292300713454
2011-07-28 19:00:00,360.7396335646551
2011-07-28 20:00:00,294.73024254054883
2011-07-28 21:00:00,224.48538187911603
2011-07-28 22:00:00,183.09078485964255
2011-07-28 23:00:00,121.82212786168415
2011-07-29 00:00:00,66.27674918125086
2011-07-29 01:00:00,27.88253377658878
2011-07-29 02:00:00,12.895191432850178
2011-07-29 03:00:00,6.746541287452912
2011-07-29 04:00:00,5.175130277664101
2011-07-29 05:00:00,23.920206415780992
2011-07-29 06:00:00,99.36468240575628
2011-07-29 07:00:00,262.8014787234749
2011-07-29 08:00:00,480.2963120894427
2011-07-29 09:00:00,219.1298699552887
2011-07-29 10:00:00,134.51091394670513
2011-07-29 11:00:00,151.8725866111986
2011-07-29 12:00:00,167.02077412140991
2011-07-29 13:00:00,176.68564972224368
2011-07-29 14:00:00,151.72642691667582
2011-07-29 15:00:00,166.2236347098573
2011-07-29 16:00:00,236.82387856546669
2011-07-29 17:00:00,381.6478789579683
2011-07-29 18:00:00,422.1132333484572
2011-07-29 19:00:00,317.4513200652899
2011-07-29 20:00:00,269.20660397275145
2011-07-29 21:00:00,235.55260082335522
2011-07-29 22:00:00,180.84604707844508
2011-07-29 23:00:00,132.95011644981736
2011-07-30 00:00:00,116.5085603256166
2011-07-30 01:00:00,88.0528565722998
2011-07-30 02:00:00,60.24568010498288
2011-07-30 03:00:00,27.898493527615873
2011-07-30 04:00:00,8.813373371647852
2011-07-30 05:00:00,8.49177384095573
2011-07-30 06:00:00,21.810567125787504
2011-07-30 07:00:00,51.109418736913
2011-07-30 08:00:00,120.36052640230825
2011-07-30 09:00:00,204.9829161413578
2011-07-30 10:00:00,285.23813134556195
2011-07-30 11:00:00,366.5184818891165
2011-07-30 12:00:00,422.77729729416626
2011-07-30 13:00:00,388.6367994063438
2011-07-30 14:00:00,373.5649296875597
2011-07-30 15:00:00,381.6687904391373
2011-07-30 16:00:00,367.6488681324259
2011-07-30 17:00:00,357.9423950292903
2011-07-30 18:00:00,343.7367239166302
2011-07-30 19:00:00,313.96148292404644
2011-07-30 20:00:00,250.31822238981522
2011-07-30 21:00:00,201.645664642396
2011-07-30 22:00:00,202.8165846193066
2011-07-30 23:00:00,162.28515574118774
2011-07-31 00:00:00,132.86617213972855
2011-07-31 01:00:00,103.37496606525205
2011-07-31 02:00:00,66.70284057219254
2011-07-31 03:00:00,30.154225841793895
2011-07-31 04:00:00,10.067455099033591
2011-07-31 05:00:00,9.738014777770909
2011-07-31 06:00:00,16.800756341355
2011-07-31 07:00:00,41.16255918887276
2011-07-31 08:00:00,95.91702336325477
2011-07-31 09:00:00,156.4091054821467
2011-07-31 10:00:00,264.8874018367838
2011-07-31 11:00:00,338.47936429578834
2011-07-31 12:00:00,354.49424581622316
2011-07-31 13:00:00,356.3597603480247
2011-07-31 14:00:00,354.2703031268556
2011-07-31 15:00:00,339.613742596292
2011-07-31 16:00:00,336.7814025050967
2011-07-31 17:00:00,315.0423226482347
2011-07-31 18:00:00,293.0312781307553
2011-07-31 19:00:00,265.72232408978886
2011-07-31 20:00:00,225.13135565763903
2011-07-31 21:00:00,177.93589288901643
2011-07-31 22:00:00,138.33196748957747
2011-07-31 23:00:00,90.64269217611692
2011-08-20 00:00:00,84.94039102869313
2011-08-20 01:00:00,69.07107026478805
2011-08-20 02:00:00,55.154725811631394
2011-08-20 03:00:00,25.489445136807863
2011-08-20 04:00:00,6.654100803640696
2011-08-20 05:00:00,7.894135008948623
2011-08-20 06:00:00,16.88774826473327
2011-08-20 07:00:00,42.039315685989365
2011-08-20 08:00:00,114.45836367806996
2011-08-20 09:00:00,187.08077179411592
2011-08-20 10:00:00,267.0734622589745
2011-08-20 11:00:00,339.57601996294983
2011-08-20 12:00:00,396.0970967284264
2011-08-20 13:00:00,388.18864250518357
2011-08-20 14:00:00,373.5161675923899
2011-08-20 15:00:00,377.34990786191156
2011-08-20 16:00:00,375.688329113337
2011-08-20 17:00:00,339.2000719588105
2011-08-20 18:00:00,317.21167659751535
2011-08-20 19:00:00,264.13215639736535
2011-08-20 20:00:00,218.07984411277
2011-08-20 21:00:00,174.3075183712078
2011-08-20 22:00:00,150.60596389989126
2011-08-20 23:00:00,134.38094718856146
2011-08-21 00:00:00,118.50636006584588
2011-08-21 01:00:00,90.60118379742214
2011-08-21 02:00:00,69.29153536757191
2011-08-21 03:00:00,31.29525243758349
2011-08-21 04:00:00,10.289132483067599
2011-08-21 05:00:00,8.290676631353486
2011-08-21 06:00:00,12.841615665474642
2011-08-21 07:00:00,36.22818981526409
2011-08-21 08:00:00,81.87182024942993
2011-08-21 09:00:00,143.45475250448897
2011-08-21 10:00:00,238.05653787190678
2011-08-21 11:00:00,287.90139121039863
2011-08-21 12:00:00,322.3826424711822
2011-08-21 13:00:00,345.6625708905961
2011-08-21 14:00:00,217.514737986815
2011-08-21 15:00:00,295.30822612009604
2011-08-21 16:00:00,303.4515403886297
2011-08-21 17:00:00,271.6339261338291
2011-08-21 18:00:00,239.18137007247537
2011-08-21 19:00:00,235.68167866675384
2011-08-21 20:00:00,157.61753104944324
2011-08-21 21:00:00,124.79394605391596
2011-08-21 22:00:00,89.45434303518296
2011-08-21 23:00:00,73.39398445379292
2011-08-22 00:00:00,35.52781988589131
2011-08-22 01:00:00,15.07676248368967
2011-08-22 02:00:00,8.885080255159291
2011-08-22 03:00:00,5.651271863863983
2011-08-22 04:00:00,5.853653960166589
2011-08-22 05:00:00,24.03466554054178
2011-08-22 06:00:00,97.93351604839886
2011-08-22 07:00:00,269.9869002581006
2011-08-22 08:00:00,421.26767188847185
2011-08-22 09:00:00,217.49423737435393
2011-08-22 10:00:00,121.80746467646219
2011-08-22 11:00:00,147.781638711037
2011-08-22 12:00:00,189.45783261682107
2011-08-22 13:00:00,185.1736727977567
2011-08-22 14:00:00,167.75570179616332
2011-08-22 15:00:00,187.28387984248033
2011-08-22 16:00:00,294.39258862565885
2011-08-22 17:00:00,550.3926898103339
2011-08-22 18:00:00,516.2389549553716
2011-08-22 19:00:00,363.78024056495644
2011-08-22 20:00:00,263.619241939983
2011-08-22 21:00:00,192.84400476877425
2011-08-22 22:00:00,122.35837416383856
2011-08-22 23:00:00,73.3341791330439
2011-08-23 00:00:00,34.32272749865891
2011-08-23 01:00:00,13.294231138725749
2011-08-23 02:00:00,6.379284885763958
2011-08-23 03:00:00,3.8278499383782503
2011-08-23 04:00:00,5.693308946605704
2011-08-23 05:00:00,26.15319830290008
2011-08-23 06:00:00,100.59284995578726
2011-08-23 07:00:00,296.6551194335969
2011-08-23 08:00:00,449.40135328796214
2011-08-23 09:00:00,233.92980717968987
2011-08-23 10:00:00,132.0193652912918
2011-08-23 11:00:00,162.3266908956469
2011-08-23 12:00:00,205.3666430896264
2011-08-23 13:00:00,192.54439170326103
2011-08-23 14:00:00,173.30700768698335
2011-08-23 15:00:00,188.84262667548657
2011-08-23 16:00:00,303.5594448970325
2011-08-23 17:00:00,570.0463941249114
2011-08-23 18:00:00,548.8353768194684
2011-08-23 19:00:00,381.3027220298016
2011-08-23 20:00:00,272.7855062844161
2011-08-23 21:00:00,204.26622005066895
2011-08-23 22:00:00,165.79613627005082
2011-08-23 23:00:00,90.72792396708557
2011-08-24 00:00:00,36.1696892817129
2011-08-24 01:00:00,14.753680432531807
2011-08-24 02:00:00,6.232450386694865
2011-08-24 03:00:00,4.413408952434263
2011-08-24 04:00:00,4.551974395351627
2011-08-24 05:00:00,25.05311430715736
2011-08-24 06:00:00,95.10554332886244
2011-08-24 07:00:00,295.0924658850192
2011-08-24 08:00:00,432.49223477080443
2011-08-24 09:00:00,211.27181691996233
2011-08-24 10:00:00,122.62121762454508
2011-08-24 11:00:00,148.66499570120337
2011-08-24 12:00:00,186.5307280488814
2011-08-24 13:00:00,183.72322496897792
2011-08-24 14:00:00,168.5175901938436
2011-08-24 15:00:00,182.65228528391245
2011-08-24 16:00:00,254.83491303005914
2011-08-24 17:00:00,497.7072344617427
2011-08-24 18:00:00,504.89172731592924
2011-08-24 19:00:00,369.45511992356035
2011-08-24 20:00:00,280.1648356538402
2011-08-24 21:00:00,210.48400817851112
2011-08-24 22:00:00,160.15492722716598
2011-08-24 23:00:00,89.76865056935561
2011-08-25 00:00:00,44.513587907657126
2011-08-25 01:00:00,19.356860264452386
2011-08-25 02:00:00,9.292262188308266
2011-08-25 03:00:00,4.926243824057998
2011-08-25 04:00:00,5.923708110044599
2011-08-25 05:00:00,24.688136501334576
2011-08-25 06:00:00,94.59775720541965
2011-08-25 07:00:00,278.42896555688407
2011-08-25 08:00:00,431.18406797033134
2011-08-25 09:00:00,209.83525532228774
2011-08-25 10:00:00,117.70030208904528
2011-08-25 11:00:00,102.04265991939155
2011-08-25 12:00:00,126.73964783208103
2011-08-25 13:00:00,157.35806562030615
2011-08-25 14:00:00,151.7729251935296
2011-08-25 15:00:00,162.47883932671252
2011-08-25 16:00:00,207.91359150751526
2011-08-25 17:00:00,398.22329553079254
2011-08-25 18:00:00,374.4489824922675
2011-08-25 19:00:00,293.2696167756784
2011-08-25 20:00:00,204.37686987596487
2011-08-25 21:00:00,158.9528007532264
2011-08-25 22:00:00,117.28527940932378
2011-08-25 23:00:00,92.03918902443176
2011-08-26 00:00:00,53.88205201665607
2011-08-26 01:00:00,22.667065917258466
2011-08-26 02:00:00,10.922912208640348
2011-08-26 03:00:00,5.571663334306654
2011-08-26 04:00:00,4.74875799977016
2011-08-26 05:00:00,19.126585527131535
2011-08-26 06:00:00,83.63344936131637
2011-08-26 07:00:00,209.51716771698548
2011-08-26 08:00:00,414.72484581247426
2011-08-26 09:00:00,215.5378058792548
2011-08-26 10:00:00,141.498678253103
2011-08-26 11:00:00,165.97797574960498
2011-08-26 12:00:00,208.97042374398413
2011-08-26 13:00:00,203.7815287429489
2011-08-26 14:00:00,186.36200294351366
2011-08-26 15:00:00,203.075862112543
2011-08-26 16:00:00,307.68898354366473
2011-08-26 17:00:00,476.07997610738005
2011-08-26 18:00:00,458.34129063005525
2011-08-26 19:00:00,280.1089349692705
2011-08-26 20:00:00,229.16670118406304
2011-08-26 21:00:00,173.64470718360192
2011-08-26 22:00:00,137.4114691801825
2011-08-26 23:00:00,109.51553889252449
2011-08-27 00:00:00,93.13363557883932
2011-08-27 01:00:00,71.13255526988429
2011-08-27 02:00:00,49.66194935382846
2011-08-27 03:00:00,21.03881059004998
2011-08-27 04:00:00,7.051827294640429
2011-08-27 05:00:00,6.705011992350467
2011-08-27 06:00:00,15.68981786486959
2011-08-27 07:00:00,34.4398795460693
2011-08-27 08:00:00,89.90780030549385
2011-08-27 09:00:00,142.3976506619799
2011-08-27 10:00:00,214.80726077546805
2011-08-27 11:00:00,141.70634291621846
2011-08-27 12:00:00,194.77905454619355
2011-08-27 13:00:00,200.05477299903976
2011-08-27 14:00:00,114.2359946830493
2011-08-27 15:00:00,115.45697408884443
2011-08-27 16:00:00,122.31757398896087
2011-08-27 17:00:00,98.68672451153414
2011-08-28 07:00:00,18.119718844588242
2011-08-28 08:00:00,42.529714143967084
2011-08-28 09:00:00,138.06307730098345
2011-08-28 10:00:00,168.42860468490662
2011-08-28 11:00:00,282.57473716654346
2011-08-28 12:00:00,320.68834395243687
2011-08-28 13:00:00,331.47942862620164
2011-08-28 14:00:00,317.77138632256543
2011-08-28 15:00:00,311.6096913448077
2011-08-28 16:00:00,313.8778666058886
2011-08-28 17:00:00,292.17676767427065
2011-08-28 18:00:00,259.29873465014356
2011-08-28 19:00:00,211.79129532757085
2011-08-28 20:00:00,171.06386053005926
2011-08-28 21:00:00,141.10863901883914
2011-08-28 22:00:00,102.77273466574364
2011-08-28 23:00:00,59.74031084654647
2011-08-29 00:00:00,29.410596741619244
2011-08-29 01:00:00,12.834746200879607
2011-08-29 02:00:00,6.984610318762967
2011-08-29 03:00:00,3.731195646764084
2011-08-29 04:00:00,4.542803039133215
2011-08-29 05:00:00,19.758105240506723
2011-08-29 06:00:00,79.91292140537574
2011-08-29 07:00:00,231.71238209681732
2011-08-29 08:00:00,369.61325629916047
2011-08-29 09:00:00,183.98553437977645
2011-08-29 10:00:00,112.97470592062525
2011-08-29 11:00:00,136.70727597977006
2011-08-29 12:00:00,177.49939430549279
2011-08-29 13:00:00,163.04753845959019
2011-08-29 14:00:00,151.37912544524346
2011-08-29 15:00:00,177.05791409993992
2011-08-29 16:00:00,271.69969243598905
2011-08-29 17:00:00,491.4691498492878
2011-08-29 18:00:00,462.2819136736209
2011-08-29 19:00:00,328.96030350441714
2011-08-29 20:00:00,234.32307702316115
2011-08-29 21:00:00,175.17029310458332
2011-08-29 22:00:00,112.1881090770922
2011-08-29 23:00:00,65.38497091641806
2011-08-30 00:00:00,26.4592594929886
2011-08-30 01:00:00,11.38651865971263
2011-08-30 02:00:00,5.540318173180293
2011-08-30 03:00:00,3.358555744047536
2011-08-30 04:00:00,5.094372015586764
2011-08-30 05:00:00,22.98267585606552
2011-08-30 06:00:00,87.9768420372072
2011-08-30 07:00:00,234.44506135827487
2011-08-30 08:00:00,397.5225539147668
2011-08-30 09:00:00,204.84358373716813
2011-08-30 10:00:00,123.61024464476806
2011-08-30 11:00:00,144.8467565063817
2011-08-30 12:00:00,174.82614642000127
2011-08-30 13:00:00,174.6904964630404
2011-08-30 14:00:00,157.30123830057215
2011-08-30 15:00:00,170.94722816092002
2011-08-30 16:00:00,271.94365558755413
2011-08-30 17:00:00,502.162224329596
2011-08-30 18:00:00,501.3024475336438
2011-08-30 19:00:00,347.5113135154734
2011-08-30 20:00:00,232.06018568450546
2011-08-30 21:00:00,183.23399724871953
2011-08-30 22:00:00,146.17320409297628
2011-08-30 23:00:00,80.42611123321207
2011-08-31 00:00:00,29.812592479290068
2011-08-31 01:00:00,12.399428245101083
2011-08-31 02:00:00,5.609358749579563
2011-08-31 03:00:00,4.170905870547534
2011-08-31 04:00:00,4.134943859176639
2011-08-31 05:00:00,22.245784093781698
2011-08-31 06:00:00,89.87006226607204
2011-08-31 07:00:00,249.2991415819865
2011-08-31 08:00:00,393.90356797753526
2011-08-31 09:00:00,199.80686579702726
2011-08-31 10:00:00,122.27059309097552
2011-08-31 11:00:00,146.41534497002942
2011-08-31 12:00:00,183.8561122437136
2011-08-31 13:00:00,185.1206985685494
2011-08-31 14:00:00,166.04107028933683
2011-08-31 15:00:00,177.97239377366546
2011-08-31 16:00:00,255.5212653333395
2011-08-31 17:00:00,505.04677499650154
2011-08-31 18:00:00,481.15518612299854
2011-08-31 19:00:00,319.6961703699779
2011-08-31 20:00:00,272.4274639383014
2011-08-31 21:00:00,199.75088132628048
2011-08-31 22:00:00,142.5783386917365
2011-08-31 23:00:00,74.56537816722596
2011-09-20 00:00:00,24.94429794981524
2011-09-20 01:00:00,9.065319036904926
2011-09-20 02:00:00,4.343532522870235
2011-09-20 03:00:00,3.76425331780655
2011-09-20 04:00:00,5.889343311593406
2011-09-20 05:00:00,23.74096213769568
2011-09-20 06:00:00,91.91131053449675
2011-09-20 07:00:00,266.61990924694817
2011-09-20 08:00:00,193.716897647134
2011-09-20 09:00:00,88.64515045416469
2011-09-20 10:00:00,68.68503047879419
2011-09-20 11:00:00,68.11859001238616
2011-09-20 12:00:00,93.4038146652119
2011-09-20 13:00:00,91.92122557826343
2011-09-20 14:00:00,101.39877404733299
2011-09-20 15:00:00,143.91930699077037
2011-09-20 16:00:00,194.21898179605543
2011-09-20 17:00:00,427.17371389366605
2011-09-20 18:00:00,427.5019305453802
2011-09-20 19:00:00,278.35564774520424
2011-09-20 20:00:00,173.53074117597373
2011-09-20 21:00:00,137.9626914890441
2011-09-20 22:00:00,110.74489108806124
2011-09-20 23:00:00,68.11617050631102
2011-09-21 00:00:00,14.972358599908391
2011-09-21 01:00:00,7.9595667067602225
2011-09-21 02:00:00,5.243377319932572
2011-09-21 03:00:00,3.3270694670346748
2011-09-21 04:00:00,3.017964679180389
2011-09-21 05:00:00,14.691837987214384
2011-09-21 06:00:00,54.59192076555324
2011-09-21 07:00:00,154.130652058906
2011-09-21 08:00:00,243.16569271446085
2011-09-21 09:00:00,111.2102143009592
2011-09-21 10:00:00,93.0854534873691
2011-09-21 11:00:00,105.36140141771813
2011-09-21 12:00:00,148.04595599375125
2011-09-21 13:00:00,179.16980694086823
2011-09-21 14:00:00,158.19822383097818
2011-09-21 15:00:00,178.37506086137083
2011-09-21 16:00:00,262.82541206255706
2011-09-21 17:00:00,406.234935881312
2011-09-21 18:00:00,270.54973861411594
2011-09-21 19:00:00,85.64964864646895
2011-09-21 20:00:00,72.90113868279452
2011-09-21 21:00:00,99.98144919890586
2011-09-21 22:00:00,84.32403334544023
2011-09-21 23:00:00,64.16794215560878
2011-09-22 00:00:00,23.61957634759608
2011-09-22 01:00:00,10.363446731644279
2011-09-22 02:00:00,6.820663234168052
2011-09-22 03:00:00,3.4259678612892466
2011-09-22 04:00:00,4.107979032772811
2011-09-22 05:00:00,20.081674377161892
2011-09-22 06:00:00,68.433873378242
2011-09-22 07:00:00,184.91197142102664
2011-09-22 08:00:00,278.5244409364568
2011-09-22 09:00:00,137.17531590480414
2011-09-22 10:00:00,102.11991413225007
2011-09-22 11:00:00,101.48142023097054
2011-09-22 12:00:00,159.5794112901164
2011-09-22 13:00:00,145.44954810452444
2011-09-22 14:00:00,128.5061026684233
2011-09-22 15:00:00,163.20643317484894
2011-09-22 16:00:00,279.69996018094423
2011-09-22 17:00:00,500.0313091283984
2011-09-22 18:00:00,369.37794296791276
2011-09-22 19:00:00,255.3613945815787
2011-09-22 20:00:00,170.87545219160964
2011-09-22 21:00:00,148.36816715023576
2011-09-22 22:00:00,89.94020760654843
2011-09-22 23:00:00,76.18618439608635
2011-09-23 00:00:00,29.753410631715617
2011-09-23 01:00:00,12.526723800727284
2011-09-23 02:00:00,7.735707973680525
2011-09-23 03:00:00,5.310719098194193
2011-09-23 04:00:00,4.184205220123341
2011-09-23 05:00:00,22.690148828231127
2011-09-23 06:00:00,98.30958571604512
2011-09-23 07:00:00,140.0159021936734
2011-09-23 08:00:00,262.95191301643627
2011-09-23 09:00:00,100.70952114596444
2011-09-23 10:00:00,62.31112066970185
2011-09-23 11:00:00,61.96037096252013
2011-09-23 12:00:00,90.43948821430241
2011-09-23 13:00:00,74.79001206088398
2011-09-23 14:00:00,70.35575749321205
2011-09-23 15:00:00,88.82336410332788
2011-09-23 16:00:00,122.99522084133358
2011-09-23 17:00:00,291.9557328421699
2011-09-23 18:00:00,296.80691619944344
2011-09-23 19:00:00,247.09832925948302
2011-09-23 20:00:00,188.10949123995937
2011-09-23 21:00:00,135.38178144563432
2011-09-23 22:00:00,122.00509365500209
2011-09-23 23:00:00,76.62438398505263
2011-09-24 00:00:00,116.88177917940418
2011-09-24 01:00:00,75.79809990537129
2011-09-24 02:00:00,53.4672981182757
2011-09-24 03:00:00,27.3796965429497
2011-09-24 04:00:00,9.134795182208926
2011-09-24 05:00:00,7.610435067853153
2011-09-24 06:00:00,18.93518668692107
2011-09-24 07:00:00,48.057290062442945
2011-09-24 08:00:00,115.99542977189088
2011-09-24 09:00:00,199.52385812399936
2011-09-24 10:00:00,261.7573681304171
2011-09-24 11:00:00,305.17942711066485
2011-09-24 12:00:00,347.3634746167005
2011-09-24 13:00:00,405.80016510951475
2011-09-24 14:00:00,511.2468591225382
2011-09-24 15:00:00,505.4282958840027
2011-09-24 16:00:00,385.8528355436741
2011-09-24 17:00:00,484.19645849042064
2011-09-24 18:00:00,324.6489354712317
2011-09-24 19:00:00,223.49717160449305
2011-09-24 20:00:00,188.53289198957336
2011-09-24 21:00:00,160.20146301627895
2011-09-24 22:00:00,126.0587740536461
2011-09-24 23:00:00,118.89017270782314
2011-09-25 00:00:00,100.83529798818813
2011-09-25 01:00:00,81.1126151678287
2011-09-25 02:00:00,42.260184397423025
2011-09-25 03:00:00,18.20336643593324
2011-09-25 04:00:00,4.9693135969967415
2011-09-25 05:00:00,10.398651342078688
2011-09-25 06:00:00,14.846756010968349
2011-09-25 07:00:00,34.46615632104446
2011-09-25 08:00:00,89.93643925123578
2011-09-25 09:00:00,155.53095107270897
2011-09-25 10:00:00,256.7098393331301
2011-09-25 11:00:00,362.1833305729153
2011-09-25 12:00:00,401.3380773706577
2011-09-25 13:00:00,456.78492669423355
2011-09-25 14:00:00,413.1694693637128
2011-09-25 15:00:00,408.3508052468075
2011-09-25 16:00:00,434.1518763421566
2011-09-25 17:00:00,418.95347516000635
2011-09-25 18:00:00,357.2482205163049
2011-09-25 19:00:00,225.94491482479458
2011-09-25 20:00:00,177.77868856770925
2011-09-25 21:00:00,118.9661932120718
2011-09-25 22:00:00,103.84130889167514
2011-09-25 23:00:00,59.27497437632097
2011-09-26 00:00:00,15.831025405539208
2011-09-26 01:00:00,11.229976823243058
2011-09-26 02:00:00,5.6590879125989195
2011-09-26 03:00:00,3.9148335158015284
2011-09-26 04:00:00,5.8325455153104
2011-09-26 05:00:00,22.936726464518248
2011-09-26 06:00:00,91.74164574504569
2011-09-26 07:00:00,249.68022380356751
2011-09-26 08:00:00,388.0404765179384
2011-09-26 09:00:00,199.9031451259419
2011-09-26 10:00:00,111.31399876505904
2011-09-26 11:00:00,149.20229287363733
2011-09-26 12:00:00,182.86305155646693
2011-09-26 13:00:00,212.8973807674965
2011-09-26 14:00:00,208.85263439054623
2011-09-26 15:00:00,233.54523402608214
2011-09-26 16:00:00,349.6976281007274
2011-09-26 17:00:00,653.9515983088871
2011-09-26 18:00:00,489.3925133227381
2011-09-26 19:00:00,353.1513577638275
2011-09-26 20:00:00,213.52244241910748
2011-09-26 21:00:00,159.53068079506133
2011-09-26 22:00:00,93.57397039770387
2011-09-26 23:00:00,64.41202014940163
2011-09-27 00:00:00,15.730977308181815
2011-09-27 01:00:00,7.977546722323178
2011-09-27 02:00:00,4.666216642172099
2011-09-27 03:00:00,3.54538114135781
2011-09-27 04:00:00,5.092014783194828
2011-09-27 05:00:00,15.308110429537862
2011-09-27 06:00:00,98.55811563369117
2011-09-27 07:00:00,280.30685563038213
2011-09-27 08:00:00,484.94778122510746
2011-09-27 09:00:00,168.87768228546935
2011-09-27 10:00:00,64.90780084223643
2011-09-27 11:00:00,120.7840141882262
2011-09-27 12:00:00,147.1514123000594
2011-09-27 13:00:00,192.25214388461313
2011-09-27 14:00:00,162.10390050606026
2011-09-27 15:00:00,167.79630789823383
2011-09-27 16:00:00,246.39624369076196
2011-09-27 17:00:00,444.57691669339334
2011-09-27 18:00:00,408.0661576839243
2011-09-27 19:00:00,302.42343712704286
2011-09-27 20:00:00,243.49123679675276
2011-09-27 21:00:00,169.7090476837828
2011-09-27 22:00:00,135.10668387298796
2011-09-27 23:00:00,82.4280635394716
2011-09-28 00:00:00,27.888925304650773
2011-09-28 01:00:00,11.037861270499945
2011-09-28 02:00:00,4.715370083196249
2011-09-28 03:00:00,4.472555393485524
2011-09-28 04:00:00,5.921423162559168
2011-09-28 05:00:00,20.69446010599199
2011-09-28 06:00:00,41.49880594387771
2011-09-28 07:00:00,124.5736008791514
2011-09-28 08:00:00,193.509823368303
2011-09-28 09:00:00,87.39740640182663
2011-09-28 10:00:00,87.62126903433072
2011-09-28 11:00:00,130.16876220952804
2011-09-28 12:00:00,162.93603560511065
2011-09-28 13:00:00,198.36464221310354
2011-09-28 14:00:00,190.08823682035214
2011-09-28 15:00:00,214.02350393318972
2011-09-28 16:00:00,288.46984520446557
2011-09-28 17:00:00,561.0287903542221
2011-09-28 18:00:00,297.0699937872897
2011-09-28 19:00:00,196.2617101620451
2011-09-28 20:00:00,99.6315850731653
2011-09-28 21:00:00,69.17320561488889
2011-09-28 22:00:00,124.13199723111374
2011-09-28 23:00:00,69.0305892949725
2011-09-29 00:00:00,23.242204464704187
2011-09-29 01:00:00,9.11742080104642
2011-09-29 02:00:00,5.379271632385294
2011-09-29 03:00:00,4.346689207542086
2011-09-29 04:00:00,6.61448650752751
2011-09-29 05:00:00,27.99379917091653
2011-09-29 06:00:00,112.65703396784063
2011-09-29 07:00:00,359.558764457479
2011-09-29 08:00:00,543.4535389522758
2011-09-29 09:00:00,266.7370347389147
2011-09-29 10:00:00,157.91491851695892
2011-09-29 11:00:00,180.59605839060106
2011-09-29 12:00:00,242.66741880785588
2011-09-29 13:00:00,227.60852145374983
2011-09-29 14:00:00,209.2412292280167
2011-09-29 15:00:00,243.55572993140163
2011-09-29 16:00:00,339.1351468697392
2011-09-29 17:00:00,646.226379256889
2011-09-29 18:00:00,582.5221845870028
2011-09-29 19:00:00,388.7511767993565
2011-09-29 20:00:00,303.271557799996
2011-09-29 21:00:00,207.07884089333578
2011-09-29 22:00:00,166.2455279426664
2011-09-29 23:00:00,122.298475493953
2011-09-30 00:00:00,56.394598918517005
2011-09-30 01:00:00,26.455649547824972
2011-09-30 02:00:00,10.242878738776371
2011-09-30 03:00:00,8.281919638372395
2011-09-30 04:00:00,7.9118341627592335
2011-09-30 05:00:00,30.780753920843935
2011-09-30 06:00:00,122.52755984729343
2011-09-30 07:00:00,301.66956352548067
2011-09-30 08:00:00,627.8469676922836
2011-09-30 09:00:00,261.7819812053138
2011-09-30 10:00:00,175.44659864475238
2011-09-30 11:00:00,214.45548153137582
2011-09-30 12:00:00,255.43017549539104
2011-09-30 13:00:00,263.962304650146
2011-09-30 14:00:00,234.3148788037089
2011-09-30 15:00:00,260.9537591019524
2011-09-30 16:00:00,376.8471589037706
2011-09-30 17:00:00,594.3317053313351
2011-09-30 18:00:00,476.2977929574479
2011-09-30 19:00:00,349.77229249350114
2011-09-30 20:00:00,277.4446446981098
2011-09-30 21:00:00,215.19822584033076
2011-09-30 22:00:00,171.66783895103333
2011-09-30 23:00:00,119.14010720917753
2011-10-20 00:00:00,27.248843092881042
2011-10-20 01:00:00,17.092007597697442
2011-10-20 02:00:00,7.041905541157764
2011-10-20 03:00:00,4.070213346646491
2011-10-20 04:00:00,5.830613600416548
2011-10-20 05:00:00,25.957686825264776
2011-10-20 06:00:00,99.03662530466279
2011-10-20 07:00:00,288.712706088464
2011-10-20 08:00:00,385.6839138820721
2011-10-20 09:00:00,186.67063211465492
2011-10-20 10:00:00,123.92591368379605
2011-10-20 11:00:00,143.8906657799933
2011-10-20 12:00:00,177.9172160405887
2011-10-20 13:00:00,174.81287477172165
2011-10-20 14:00:00,142.10290159005083
2011-10-20 15:00:00,160.53136498496207
2011-10-20 16:00:00,222.33649582922354
2011-10-20 17:00:00,435.941273933978
2011-10-20 18:00:00,399.53967370169147
2011-10-20 19:00:00,301.26208911243975
2011-10-20 20:00:00,207.46872270371128
2011-10-20 21:00:00,158.16104691313737
2011-10-20 22:00:00,125.70756957642034
2011-10-20 23:00:00,89.06100139912914
2011-10-21 00:00:00,49.08996857160697
2011-10-21 01:00:00,21.186493487408196
2011-10-21 02:00:00,8.66824411077629
2011-10-21 03:00:00,5.440556444967815
2011-10-21 04:00:00,5.753661623803453
2011-10-21 05:00:00,21.61498376321998
2011-10-21 06:00:00,98.5432155518029
2011-10-21 07:00:00,245.95916563086828
2011-10-21 08:00:00,405.99715707064485
2011-10-21 09:00:00,194.75914544898774
2011-10-21 10:00:00,148.4387858075152
2011-10-21 11:00:00,174.6326861013697
2011-10-21 12:00:00,208.06608837107862
2011-10-21 13:00:00,209.65941411350508
2011-10-21 14:00:00,208.731660990272
2011-10-21 15:00:00,208.60677118377833
2011-10-21 16:00:00,298.8264135368153
2011-10-21 17:00:00,421.6236627305881
2011-10-21 18:00:00,344.23236204070605
2011-10-21 19:00:00,242.47182761799945
2011-10-21 20:00:00,191.2288301522627
2011-10-21 21:00:00,161.5823872511429
2011-10-21 22:00:00,128.2171229379228
2011-10-21 23:00:00,86.38829843791518
2011-10-22 00:00:00,85.57552930035571
2011-10-22 01:00:00,65.67505558255873
2011-10-22 02:00:00,44.62075788632565
2011-10-22 03:00:00,23.434633157725237
2011-10-22 04:00:00,7.709157453693979
2011-10-22 05:00:00,7.119579379141683
2011-10-22 06:00:00,19.194355938564758
2011-10-22 07:00:00,47.819056157900654
2011-10-22 08:00:00,105.43037724122044
2011-10-22 09:00:00,183.40520476765576
2011-10-22 10:00:00,213.0343808623383
2011-10-22 11:00:00,263.07140782423653
2011-10-22 12:00:00,379.4684920193312
2011-10-22 13:00:00,385.1235461627154
2011-10-22 14:00:00,341.6693089684479
2011-10-22 15:00:00,390.0658670906198
2011-10-22 16:00:00,379.8083437735422
2011-10-22 17:00:00,337.02813775983304
2011-10-22 18:00:00,261.4300769131642
2011-10-22 19:00:00,206.45837828416978
2011-10-22 20:00:00,157.3425913994249
2011-10-22 21:00:00,128.95018027558777
2011-10-22 22:00:00,125.85646996505103
2011-10-22 23:00:00,98.21017518224339
2011-10-23 00:00:00,94.09156477368359
2011-10-23 01:00:00,72.54248122004849
2011-10-23 02:00:00,50.67233752956525
2011-10-23 03:00:00,26.482829379459194
2011-10-23 04:00:00,8.576578558749725
2011-10-23 05:00:00,7.653464165001876
2011-10-23 06:00:00,13.030458369133846
2011-10-23 07:00:00,35.73601988862469
2011-10-23 08:00:00,77.4537410195721
2011-10-23 09:00:00,138.6588807566928
2011-10-23 10:00:00,231.87170868555225
2011-10-23 11:00:00,321.9603623222438
2011-10-23 12:00:00,352.61053332274537
2011-10-23 13:00:00,396.2241972385444
2011-10-23 14:00:00,398.13961875354505
2011-10-23 15:00:00,402.3428503290327
2011-10-23 16:00:00,392.46954698345087
2011-10-23 17:00:00,301.819773937463
2011-10-23 18:00:00,255.82219394428225
2011-10-23 19:00:00,186.77688709920116
2011-10-23 20:00:00,148.42671870189903
2011-10-23 21:00:00,116.35326185852512
2011-10-23 22:00:00,82.05368322380606
2011-10-23 23:00:00,59.40691445457924
2011-10-24 00:00:00,33.72347583676099
2011-10-24 01:00:00,10.431801708366091
2011-10-24 02:00:00,4.944248666755637
2011-10-24 03:00:00,3.24798994656417
2011-10-24 04:00:00,5.524949491441668
2011-10-24 05:00:00,21.66264345373541
2011-10-24 06:00:00,95.23620390355227
2011-10-24 07:00:00,222.13391953027553
2011-10-24 08:00:00,345.8656464257283
2011-10-24 09:00:00,178.35029059079181
2011-10-24 10:00:00,102.33042211092204
2011-10-24 11:00:00,138.4759505366279
2011-10-24 12:00:00,163.3121652159913
2011-10-24 13:00:00,161.76347984676656
2011-10-24 14:00:00,148.71890992284827
2011-10-24 15:00:00,187.72094045642075
2011-10-24 16:00:00,283.84657902381514
2011-10-24 17:00:00,504.0644170367391
2011-10-24 18:00:00,468.1552459716649
2011-10-24 19:00:00,227.26122490201445
2011-10-24 20:00:00,205.59204636566247
2011-10-24 21:00:00,151.11848813398768
2011-10-24 22:00:00,122.26186038226014
2011-10-24 23:00:00,73.78072034414437
2011-10-25 00:00:00,24.981475496630104
2011-10-25 01:00:00,10.91358964832969
2011-10-25 02:00:00,4.11493771103976
2011-10-25 03:00:00,3.038050906380908
2011-10-25 04:00:00,5.296528252360127
2011-10-25 05:00:00,21.889438486339877
2011-10-25 06:00:00,94.58919720488367
2011-10-25 07:00:00,268.32234308433436
2011-10-25 08:00:00,421.40082158842665
2011-10-25 09:00:00,222.311429498914
2011-10-25 10:00:00,119.73652551424995
2011-10-25 11:00:00,155.27100068303142
2011-10-25 12:00:00,186.45949456009706
2011-10-25 13:00:00,184.25559220545435
2011-10-25 14:00:00,175.58198110541437
2011-10-25 15:00:00,193.5173606004992
2011-10-25 16:00:00,305.22932817313273
2011-10-25 17:00:00,575.8425223006543
2011-10-25 18:00:00,515.8837108703867
2011-10-25 19:00:00,321.846463990267
2011-10-25 20:00:00,224.27377201679138
2011-10-25 21:00:00,164.13325807500198
2011-10-25 22:00:00,134.1350933578002
2011-10-25 23:00:00,69.69674123553135
2011-10-26 00:00:00,29.179802312267785
2011-10-26 01:00:00,11.984230578594982
2011-10-26 02:00:00,4.877198618563015
2011-10-26 03:00:00,4.15415168661095
2011-10-26 04:00:00,4.822081759726494
2011-10-26 05:00:00,21.154690422662334
2011-10-26 06:00:00,87.18078238015556
2011-10-26 07:00:00,275.0748332317495
2011-10-26 08:00:00,388.60721066237284
2011-10-26 09:00:00,211.88859806885756
2011-10-26 10:00:00,119.55313441346196
2011-10-26 11:00:00,150.59277720291502
2011-10-26 12:00:00,132.99440758970903
2011-10-26 13:00:00,122.36520328986026
2011-10-26 14:00:00,138.8882580138049
2011-10-26 15:00:00,152.97549128949424
2011-10-26 16:00:00,215.20524190520317
2011-10-26 17:00:00,419.33017127863036
2011-10-26 18:00:00,427.17635039825615
2011-10-26 19:00:00,255.56785272146473
2011-10-26 20:00:00,188.63281859081167
2011-10-26 21:00:00,155.27800852172228
2011-10-26 22:00:00,96.75334122813834
2011-10-26 23:00:00,62.35146179557032
2011-10-27 00:00:00,25.215334185028834
2011-10-27 01:00:00,12.50802474124483
2011-10-27 02:00:00,6.003818179888706
2011-10-27 03:00:00,3.059664019896346
2011-10-27 04:00:00,4.917671757307116
2011-10-27 05:00:00,16.749744600508084
2011-10-27 06:00:00,67.76650637881642
2011-10-27 07:00:00,255.4540265954393
2011-10-27 08:00:00,230.77538677159689
2011-10-27 09:00:00,180.5249027622348
2011-10-27 10:00:00,63.6721140709114
2011-10-27 11:00:00,71.12666356352982
2011-10-27 12:00:00,87.67729343663973
2011-10-27 13:00:00,119.88532290815546
2011-10-27 14:00:00,120.36082814818268
2011-10-27 15:00:00,137.71648872499745
2011-10-27 16:00:00,238.45095824158153
2011-10-27 17:00:00,381.16151668921367
2011-10-27 18:00:00,359.67216999214025
2011-10-27 19:00:00,234.81324772107087
2011-10-27 20:00:00,190.73002456347834
2011-10-27 21:00:00,131.49608532866614
2011-10-27 22:00:00,103.64926671361467
2011-10-27 23:00:00,67.11191527507202
2011-10-28 00:00:00,39.957491577645946
2011-10-28 01:00:00,15.992845837953299
2011-10-28 02:00:00,6.424095196432496
2011-10-28 03:00:00,3.977322293356996
2011-10-28 04:00:00,4.221915565353272
2011-10-28 05:00:00,18.00745006874872
2011-10-28 06:00:00,80.05568861690753
2011-10-28 07:00:00,219.26340765323917
2011-10-28 08:00:00,352.8039342139856
2011-10-28 09:00:00,187.33345875108208
2011-10-28 10:00:00,110.79077333157227
2011-10-28 11:00:00,141.9361553711532
2011-10-28 12:00:00,169.09354795516398
2011-10-28 13:00:00,162.80147304469037
2011-10-28 14:00:00,148.12251454402892
2011-10-28 15:00:00,160.26172476425378
2011-10-28 16:00:00,230.06885958012512
2011-10-28 17:00:00,357.6651563292721
2011-10-28 18:00:00,316.90811760613406
2011-10-28 19:00:00,216.10410316130043
2011-10-28 20:00:00,121.23916271058819
2011-10-28 21:00:00,81.80117020967948
2011-10-28 22:00:00,56.396905269564506
2011-10-28 23:00:00,39.4379486019696
2011-10-29 00:00:00,38.202814556546045
2011-10-29 01:00:00,28.628036978729558
2011-10-29 02:00:00,20.132259376802875
2011-10-29 03:00:00,13.088259526875156
2011-10-29 04:00:00,3.425994983086177
2011-10-29 05:00:00,3.064702427132449
2011-10-29 06:00:00,7.9177798569246995
2011-10-29 07:00:00,19.40393339917193
2011-10-29 08:00:00,40.86245602922991
2011-10-29 09:00:00,69.88879663217065
2011-10-29 10:00:00,97.70584796537592
2011-10-29 11:00:00,110.33481382286469
2011-10-29 12:00:00,105.0134116636976
2011-10-29 13:00:00,88.29741973182233
2011-10-29 14:00:00,108.88183658850322
2011-10-29 15:00:00,114.04013176302423
2011-10-29 16:00:00,113.16174833729765
2011-10-29 17:00:00,107.18766623968227
2011-10-29 18:00:00,88.92706286521626
2011-10-29 19:00:00,114.539850882875
2011-10-29 20:00:00,84.63252720545675
2011-10-29 21:00:00,68.81029739525249
2011-10-29 22:00:00,67.96383555806266
2011-10-29 23:00:00,68.48991130524037
2011-10-30 00:00:00,65.88888995167481
2011-10-30 01:00:00,50.659397310307675
2011-10-30 02:00:00,29.882483353023073
2011-10-30 03:00:00,16.718943684111167
2011-10-30 04:00:00,5.344967095814171
2011-10-30 05:00:00,5.228427375695956
2011-10-30 06:00:00,9.907516477273369
2011-10-30 07:00:00,27.566060532611516
2011-10-30 08:00:00,58.45344301402686
2011-10-30 09:00:00,110.76258235857385
2011-10-30 10:00:00,201.58927456927177
2011-10-30 11:00:00,262.6847987068521
2011-10-30 12:00:00,294.31500739126614
2011-10-30 13:00:00,309.5494837326096
2011-10-30 14:00:00,324.80110127416054
2011-10-30 15:00:00,325.0661260814826
2011-10-30 16:00:00,320.625362613061
2011-10-30 17:00:00,265.24510101619654
2011-10-30 18:00:00,205.53170981306502
2011-10-30 19:00:00,211.4560004671701
2011-10-30 20:00:00,125.41924610181282
2011-10-30 21:00:00,91.24845489735866
2011-10-30 22:00:00,75.96992735015058
2011-10-30 23:00:00,41.90863073174416
2011-10-31 00:00:00,15.539239743783638
2011-10-31 01:00:00,7.275704895175174
2011-10-31 02:00:00,3.251171615375028
2011-10-31 03:00:00,2.407358291730589
2011-10-31 04:00:00,4.016265868041365
2011-10-31 05:00:00,15.503635453484108
2011-10-31 06:00:00,75.87032803682449
2011-10-31 07:00:00,228.25622881459392
2011-10-31 08:00:00,336.9965984802466
2011-10-31 09:00:00,191.19639646717874
2011-10-31 10:00:00,101.20329495776159
2011-10-31 11:00:00,133.68943297259526
2011-10-31 12:00:00,175.65464353584773
2011-10-31 13:00:00,159.50519760486827
2011-10-31 14:00:00,145.2972123215586
2011-10-31 15:00:00,177.47701156735474
2011-10-31 16:00:00,270.8828629211355
2011-10-31 17:00:00,475.53576938443956
2011-10-31 18:00:00,403.30750836019513
2011-10-31 19:00:00,282.475178233112
2011-10-31 20:00:00,198.82455077440565
2011-10-31 21:00:00,131.04194878177717
2011-10-31 22:00:00,84.37349034610423
2011-10-31 23:00:00,51.01240092812646
2011-11-20 00:00:00,86.2987074963573
2011-11-20 01:00:00,66.7882042310644
2011-11-20 02:00:00,48.55864112265292
2011-11-20 03:00:00,23.063351832925377
2011-11-20 04:00:00,7.1932762018669525
2011-11-20 05:00:00,7.167237401939423
2011-11-20 06:00:00,11.981225030052368
2011-11-20 07:00:00,33.57035617664465
2011-11-20 08:00:00,73.03788957479426
2011-11-20 09:00:00,141.74161101375267
2011-11-20 10:00:00,212.8013518533297
2011-11-20 11:00:00,291.5772270454175
2011-11-20 12:00:00,330.75051477718483
2011-11-20 13:00:00,369.30076652673927
2011-11-20 14:00:00,376.60311700223866
2011-11-20 15:00:00,344.0727946389619
2011-11-20 16:00:00,337.6358756685992
2011-11-20 17:00:00,291.26081759946936
2011-11-20 18:00:00,247.46285636380875
2011-11-20 19:00:00,184.9665057559446
2011-11-20 20:00:00,153.34057023712631
2011-11-20 21:00:00,100.67296156465285
2011-11-20 22:00:00,57.389610200795865
2011-11-20 23:00:00,41.669006765571645
2011-11-21 00:00:00,19.29119064137446
2011-11-21 01:00:00,9.761413529480688
2011-11-21 02:00:00,6.0081925091149815
2011-11-21 03:00:00,3.1227053822177804
2011-11-21 04:00:00,4.550724600403903
2011-11-21 05:00:00,17.90332308247108
2011-11-21 06:00:00,74.896393487168055
2011-11-21 07:00:00,271.49040281808175
2011-11-21 08:00:00,414.60851010520145
2011-11-21 09:00:00,214.75990920038547
2011-11-21 10:00:00,119.03656945154184
2011-11-21 11:00:00,121.68458811838771
2011-11-21 12:00:00,166.34896405672416
2011-11-21 13:00:00,163.5899384710272
2011-11-21 14:00:00,129.4882323311328
2011-11-21 15:00:00,82.62364300087499
2011-11-21 16:00:00,132.170185402111
2011-11-21 17:00:00,236.26373038209113
2011-11-21 18:00:00,273.7492980003057
2011-11-21 19:00:00,147.6068134411186
2011-11-21 20:00:00,118.93256605660581
2011-11-21 21:00:00,97.42741626772532
2011-11-21 22:00:00,63.56053787005708
2011-11-21 23:00:00,42.82573170188109
2011-11-22 00:00:00,10.534378429026544
2011-11-22 01:00:00,5.821632196902792
2011-11-22 02:00:00,3.541697217523281
2011-11-22 03:00:00,2.1594949881078476
2011-11-22 04:00:00,3.970644474003756
2011-11-22 05:00:00,12.511191378839447
2011-11-22 06:00:00,80.95726576673003
2011-11-22 07:00:00,124.02266055146
2011-11-22 08:00:00,206.85262224230888
2011-11-22 09:00:00,102.20161253977656
2011-11-22 10:00:00,54.373221921297
2011-11-22 11:00:00,56.071693843165235
2011-11-22 12:00:00,59.44254077210375
2011-11-22 13:00:00,59.78855038227488
2011-11-22 14:00:00,51.75114607571101
2011-11-22 15:00:00,60.61510479088867
2011-11-22 16:00:00,117.3847424692687
2011-11-22 17:00:00,232.83973882304508
2011-11-22 18:00:00,209.92188005758598
2011-11-22 19:00:00,187.85870004102787
2011-11-22 20:00:00,138.40625754793425
2011-11-22 21:00:00,108.18062251490764
2011-11-22 22:00:00,91.74373037378723
2011-11-22 23:00:00,58.86884210838297
2011-11-23 00:00:00,23.97384328035062
2011-11-23 01:00:00,10.30780131027209
2011-11-23 02:00:00,3.3506911398427754
2011-11-23 03:00:00,2.194250971892477
2011-11-23 04:00:00,3.3154806047396086
2011-11-23 05:00:00,20.646936095757514
2011-11-23 06:00:00,67.76898997158546
2011-11-23 07:00:00,222.81409082753964
2011-11-23 08:00:00,393.65453034507385
2011-11-23 09:00:00,196.14413465254356
2011-11-23 10:00:00,102.98181071155194
2011-11-23 11:00:00,122.23108081634214
2011-11-23 12:00:00,173.65117333556344
2011-11-23 13:00:00,140.79377927905622
2011-11-23 14:00:00,131.4273973380173
2011-11-23 15:00:00,133.7144092357187
2011-11-23 16:00:00,180.84555828976931
2011-11-23 17:00:00,218.04661964894495
2011-11-23 18:00:00,304.03997075410035
2011-11-23 19:00:00,241.38432878648766
2011-11-23 20:00:00,170.47290776080848
2011-11-23 21:00:00,126.54398295519483
2011-11-23 22:00:00,91.70185941925219
2011-11-23 23:00:00,52.45969937742187
2011-11-24 00:00:00,36.72673787101546
2011-11-24 01:00:00,22.597487903509883
2011-11-24 02:00:00,14.113861354773547
2011-11-24 03:00:00,6.496487837129284
2011-11-24 04:00:00,6.1349230274072095
2011-11-24 05:00:00,10.201477279885838
2011-11-24 06:00:00,27.477270505341778
2011-11-24 07:00:00,103.68642621958719
2011-11-24 08:00:00,197.94024470270477
2011-11-24 09:00:00,268.05213215013134
2011-11-24 10:00:00,232.03760810493935
2011-11-24 11:00:00,286.78363849925057
2011-11-24 12:00:00,359.55688275327606
2011-11-24 13:00:00,369.6215683025549
2011-11-24 14:00:00,345.0564882236514
2011-11-24 15:00:00,355.6824305513194
2011-11-24 16:00:00,352.8786714922366
2011-11-24 17:00:00,455.7011996759804
2011-11-24 18:00:00,358.8059934647503
2011-11-24 19:00:00,296.9488504490077
2011-11-24 20:00:00,206.47884760291302
2011-11-24 21:00:00,158.92958409537414
2011-11-24 22:00:00,124.8811322648687
2011-11-24 23:00:00,82.8431363354922
2011-11-25 00:00:00,44.432692637627824
2011-11-25 01:00:00,18.518314678741998
2011-11-25 02:00:00,7.398556494835771
2011-11-25 03:00:00,4.7918931882972915
2011-11-25 04:00:00,5.0718905099616265
2011-11-25 05:00:00,20.277241821563262
2011-11-25 06:00:00,80.09541788505344
2011-11-25 07:00:00,221.27471300666005
2011-11-25 08:00:00,393.0865703483208
2011-11-25 09:00:00,211.5835942212842
2011-11-25 10:00:00,131.01260889943455
2011-11-25 11:00:00,147.36645993568496
2011-11-25 12:00:00,214.52581257275887
2011-11-25 13:00:00,214.2376602903466
2011-11-25 14:00:00,209.8149394351437
2011-11-25 15:00:00,226.52197307018946
2011-11-25 16:00:00,291.2378424643765
2011-11-25 17:00:00,445.5916235339987
2011-11-25 18:00:00,392.14375418257384
2011-11-25 19:00:00,242.35640923541007
2011-11-25 20:00:00,191.24248051135461
2011-11-25 21:00:00,142.8583994370423
2011-11-25 22:00:00,103.24613505022013
2011-11-25 23:00:00,74.25161708660626
2011-11-26 00:00:00,78.57995475401135
2011-11-26 01:00:00,57.2546191674135
2011-11-26 02:00:00,41.37238983247912
2011-11-26 03:00:00,21.977573637667117
2011-11-26 04:00:00,7.035729454932667
2011-11-26 05:00:00,6.377614972271585
2011-11-26 06:00:00,15.53422411651627
2011-11-26 07:00:00,32.75079584363529
2011-11-26 08:00:00,97.50701181086136
2011-11-26 09:00:00,175.92408570974607
2011-11-26 10:00:00,239.1153693140301
2011-11-26 11:00:00,297.1693936240894
2011-11-26 12:00:00,328.65825153209386
2011-11-26 13:00:00,385.44479240268566
2011-11-26 14:00:00,354.2798439256716
2011-11-26 15:00:00,367.7665543874981
2011-11-26 16:00:00,339.51747305127043
2011-11-26 17:00:00,301.919940865427
2011-11-26 18:00:00,230.1401796844524
2011-11-26 19:00:00,176.06947216264336
2011-11-26 20:00:00,145.45691194265748
2011-11-26 21:00:00,99.86501137038618
2011-11-26 22:00:00,108.00790089604344
2011-11-26 23:00:00,99.02017142191634
2011-11-27 00:00:00,88.97145704751095
2011-11-27 01:00:00,68.71995655984881
2011-11-27 02:00:00,52.28155122009869
2011-11-27 03:00:00,26.813653287971157
2011-11-27 04:00:00,8.933775566057486
2011-11-27 05:00:00,7.6250923418464085
2011-11-27 06:00:00,13.494206540518269
2011-11-27 07:00:00,32.091542852096865
2011-11-27 08:00:00,78.07652224315446
2011-11-27 09:00:00,146.67921255204317
2011-11-27 10:00:00,230.32639331818496
2011-11-27 11:00:00,303.7332117809748
2011-11-27 12:00:00,375.5561202795591
2011-11-27 13:00:00,394.62952417531284
2011-11-27 14:00:00,399.1864819056745
2011-11-27 15:00:00,399.42395069593016
2011-11-27 16:00:00,361.6831625669443
2011-11-27 17:00:00,306.19321044578015
2011-11-27 18:00:00,235.18517037481448
2011-11-27 19:00:00,185.05226130934247
2011-11-27 20:00:00,150.2572060827315
2011-11-27 21:00:00,113.38571690547711
2011-11-27 22:00:00,88.91170018380394
2011-11-27 23:00:00,57.68385263427906
2011-11-28 00:00:00,33.14863867127909
2011-11-28 01:00:00,14.495083853753542
2011-11-28 03:00:00,4.165403181992253
2011-11-28 04:00:00,6.637425982035842
2011-11-28 05:00:00,23.553303294178292
2011-11-28 06:00:00,110.07042318899184
2011-11-28 07:00:00,287.37922976856413
2011-11-28 08:00:00,384.8467705269947
2011-11-28 09:00:00,194.15715879773637
2011-11-28 10:00:00,138.344468406886
2011-11-28 11:00:00,140.3357628765466
2011-11-28 12:00:00,189.5185023596286
2011-11-28 13:00:00,170.12572792944727
2011-11-28 14:00:00,169.46335765560184
2011-11-28 15:00:00,182.5948384357291
2011-11-28 16:00:00,281.7093434326518
2011-11-28 17:00:00,486.8282393376391
2011-11-28 18:00:00,445.68960894717264
2011-11-28 19:00:00,305.27126786181526
2011-11-28 20:00:00,194.0331111677866
2011-11-28 21:00:00,134.41608006681813
2011-11-28 22:00:00,87.66379588255826
2011-11-28 23:00:00,58.439481123882636
2011-11-29 00:00:00,27.930671692203436
2011-11-29 01:00:00,12.431826475797148
2011-11-29 02:00:00,4.397580781625154
2011-11-29 03:00:00,3.4318375610625154
2011-11-29 04:00:00,6.065341251513809
2011-11-29 05:00:00,24.27511565226793
2011-11-29 06:00:00,113.49901937805123
2011-11-29 07:00:00,335.9767281087989
2011-11-29 08:00:00,505.85525515970744
2011-11-29 09:00:00,160.64185197840968
2011-11-29 10:00:00,87.70863584125436
2011-11-29 11:00:00,64.92510947756058
2011-11-29 12:00:00,82.06083093504688
2011-11-29 13:00:00,79.28601980306028
2011-11-29 14:00:00,52.45725994352611
2011-11-29 15:00:00,62.72200318870679
2011-11-29 16:00:00,126.62333090206798
2011-11-29 17:00:00,312.6004968552667
2011-11-29 18:00:00,298.99004636589575
2011-11-29 19:00:00,207.730261415918
2011-11-29 20:00:00,139.34962858042806
2011-11-29 21:00:00,107.51398590659396
2011-11-29 22:00:00,93.41271151173139
2011-11-29 23:00:00,56.233161537300354
2011-11-30 00:00:00,25.552376438132242
2011-11-30 01:00:00,8.850183908189827
2011-11-30 02:00:00,4.18028789176904
2011-11-30 03:00:00,3.507621109838611
2011-11-30 04:00:00,3.835524775018945
2011-11-30 05:00:00,19.015819452498903
2011-11-30 06:00:00,83.0079198253463
2011-11-30 07:00:00,265.79873291631253
2011-11-30 08:00:00,397.3318984612689
2011-11-30 09:00:00,196.67557516306104
2011-11-30 10:00:00,100.96450314894278
2011-11-30 11:00:00,124.49360520953634
2011-11-30 12:00:00,140.26573401752324
2011-11-30 13:00:00,144.06732464704754
2011-11-30 14:00:00,127.7104996448989
2011-11-30 15:00:00,142.11964395049097
2011-11-30 16:00:00,196.41889075687735
2011-11-30 17:00:00,352.35578090736107
2011-11-30 18:00:00,311.04241726296624
2011-11-30 19:00:00,224.98264094628468
2011-11-30 20:00:00,154.50328262046781
2011-11-30 21:00:00,114.99070644775826
2011-11-30 22:00:00,90.6704537456036
2011-11-30 23:00:00,52.51708080623286
2011-12-20 00:00:00,24.09835452931172
2011-12-20 01:00:00,10.213508535988952
2011-12-20 02:00:00,4.05102686156539
2011-12-20 03:00:00,2.943620796289749
2011-12-20 04:00:00,5.43703133951418
2011-12-20 05:00:00,21.49216795897723
2011-12-20 06:00:00,87.46149963576482
2011-12-20 07:00:00,253.53195537037755
2011-12-20 08:00:00,419.1090318232685
2011-12-20 09:00:00,180.3123135463022
2011-12-20 10:00:00,108.06179316592004
2011-12-20 11:00:00,116.22906398014959
2011-12-20 12:00:00,150.29776203179748
2011-12-20 13:00:00,148.17228891643649
2011-12-20 14:00:00,125.43102087683225
2011-12-20 15:00:00,134.74360904018232
2011-12-20 16:00:00,224.6153689055448
2011-12-20 17:00:00,408.61231165803673
2011-12-20 18:00:00,370.24388451618773
2011-12-20 19:00:00,257.0076342052325
2011-12-20 20:00:00,176.6734863978348
2011-12-20 21:00:00,133.42407960764453
2011-12-20 22:00:00,99.83395571126653
2011-12-20 23:00:00,56.83542876420954
2011-12-21 00:00:00,21.73170046857407
2011-12-21 01:00:00,9.443408974562951
2011-12-21 02:00:00,5.087086074374353
2011-12-21 03:00:00,4.181857159625158
2011-12-21 04:00:00,4.101697694673177
2011-12-21 05:00:00,14.089296949592935
2011-12-21 06:00:00,59.46626807967766
2011-12-21 07:00:00,186.44131251378445
2011-12-21 08:00:00,112.47782311748087
2011-12-21 09:00:00,190.59757353399135
2011-12-21 10:00:00,104.56647680445295
2011-12-21 11:00:00,97.61132776193922
2011-12-21 12:00:00,37.48082498394329
2011-12-21 13:00:00,24.157116569021873
2011-12-21 14:00:00,80.91358611914917
2011-12-21 15:00:00,88.08914787842771
2011-12-21 16:00:00,25.04943801693262
2011-12-21 17:00:00,58.35689983335902
2011-12-21 18:00:00,156.92579126809292
2011-12-21 19:00:00,130.17420004542313
2011-12-21 20:00:00,104.99872245929699
2011-12-21 21:00:00,113.56881017215369
2011-12-21 22:00:00,91.73827023957325
2011-12-21 23:00:00,58.26425286340737
2011-12-22 00:00:00,27.012662727659723
2011-12-22 01:00:00,8.946621456564952
2011-12-22 02:00:00,7.467761038230936
2011-12-22 03:00:00,3.9861077273427314
2011-12-22 04:00:00,4.625369035070098
2011-12-22 05:00:00,15.581513287589152
2011-12-22 06:00:00,68.90961664786754
2011-12-22 07:00:00,184.68331763218765
2011-12-22 08:00:00,343.0546721329996
2011-12-22 09:00:00,203.24606218190578
2011-12-22 10:00:00,105.4844656608964
2011-12-22 11:00:00,103.70825505995151
2011-12-22 12:00:00,147.72125419571393
2011-12-22 13:00:00,139.11812523973595
2011-12-22 14:00:00,118.37342778963455
2011-12-22 15:00:00,131.36112773828583
2011-12-22 16:00:00,176.9702224970617
2011-12-22 17:00:00,335.9186630400349
2011-12-22 18:00:00,329.9571857494505
2011-12-22 19:00:00,226.56753583183712
2011-12-22 20:00:00,124.88458266900551
2011-12-22 21:00:00,97.00655821171452
2011-12-22 22:00:00,54.36249931394902
2011-12-22 23:00:00,43.032533140972056
2011-12-23 00:00:00,26.73822735237409
2011-12-23 01:00:00,12.868801905607357
2011-12-23 02:00:00,8.270282966126548
2011-12-23 03:00:00,4.987107766575714
2011-12-23 04:00:00,3.6435505330634466
2011-12-23 05:00:00,12.844304948149656
2011-12-23 06:00:00,64.12844988316925
2011-12-23 07:00:00,167.76363321681143
2011-12-23 08:00:00,380.3978424876876
2011-12-23 09:00:00,204.348356260511
2011-12-23 10:00:00,131.9815658378305
2011-12-23 11:00:00,134.3462246661152
2011-12-23 12:00:00,141.45320451621944
2011-12-23 13:00:00,146.4981926056981
2011-12-23 14:00:00,129.27736135660157
2011-12-23 15:00:00,139.5416783232914
2011-12-23 16:00:00,191.89310402556532
2011-12-23 17:00:00,321.3865753920467
2011-12-23 18:00:00,279.2142182621999
2011-12-23 19:00:00,205.34816805616887
2011-12-23 20:00:00,125.9252158081736
2011-12-23 21:00:00,102.27348380777832
2011-12-23 22:00:00,78.52807469356974
2011-12-23 23:00:00,57.2703462688512
2011-12-24 00:00:00,52.80154117083645
2011-12-24 01:00:00,39.15997873620241
2011-12-24 02:00:00,33.74374667973034
2011-12-24 03:00:00,16.391814893861547
2011-12-24 04:00:00,4.812626487482362
2011-12-24 05:00:00,3.486477731533063
2011-12-24 06:00:00,8.552172785383261
2011-12-24 07:00:00,16.043133397395135
2011-12-24 08:00:00,49.94022533558008
2011-12-24 09:00:00,91.88528585963341
2011-12-24 10:00:00,151.02091397401176
2011-12-24 11:00:00,210.99102376379463
2011-12-24 12:00:00,237.97848032243803
2011-12-24 13:00:00,270.25987171487026
2011-12-24 14:00:00,224.1540396087811
2011-12-24 15:00:00,217.46774661779764
2011-12-24 16:00:00,209.4195768547106
2011-12-24 17:00:00,181.63097961542795
2011-12-24 18:00:00,161.18507942124324
2011-12-24 19:00:00,129.89070353719208
2011-12-24 20:00:00,85.10064266506382
2011-12-24 21:00:00,69.66854996132336
2011-12-24 22:00:00,63.9841159375419
2011-12-24 23:00:00,51.37179001904051
2011-12-25 00:00:00,55.27286499255015
2011-12-25 01:00:00,42.54070396034596
2011-12-25 02:00:00,37.942617191624116
2011-12-25 03:00:00,16.398064848842722
2011-12-25 05:00:00,3.371667644040499
2011-12-25 06:00:00,5.237844117678016
2011-12-25 07:00:00,12.606045706510104
2011-12-25 08:00:00,35.5523262179741
2011-12-25 09:00:00,70.34361275767009
2011-12-25 10:00:00,132.9126022152746
2011-12-25 11:00:00,207.7938746315727
2011-12-25 12:00:00,175.29855251411504
2011-12-25 13:00:00,226.71562647894024
2011-12-25 14:00:00,201.5710231536629
2011-12-25 15:00:00,214.4508448319521
2011-12-25 16:00:00,196.57088793712768
2011-12-25 17:00:00,179.42359320785462
2011-12-25 18:00:00,133.86104399812328
2011-12-25 19:00:00,115.96359246003202
2011-12-25 20:00:00,81.47229862438445
2011-12-25 21:00:00,65.29886335294879
2011-12-25 22:00:00,44.75253767561281
2011-12-25 23:00:00,26.423167188967476
2011-12-26 00:00:00,30.03333106909968
2011-12-26 01:00:00,18.697947422034144
2011-12-26 02:00:00,13.800582610220081
2011-12-26 04:00:00,5.295702348996441
2011-12-26 05:00:00,5.855342763174244
2011-12-26 06:00:00,13.734942180334896
2011-12-26 07:00:00,38.60383441971207
2011-12-26 08:00:00,102.03841055152759
2011-12-26 09:00:00,122.71809484858434
2011-12-26 10:00:00,130.2696045638469
2011-12-26 11:00:00,134.5315583344106
2011-12-26 12:00:00,161.40432383015445
2011-12-26 13:00:00,210.04295336654081
2011-12-26 14:00:00,167.79848068543967
2011-12-26 15:00:00,162.83182520998173
2011-12-26 16:00:00,154.28202574871042
2011-12-26 17:00:00,188.74260034842428
2011-12-26 18:00:00,161.95674494172926
2011-12-26 19:00:00,135.78393439368514
2011-12-26 20:00:00,88.53749215204876
2011-12-26 21:00:00,67.88242771262374
2011-12-26 22:00:00,52.43769840182256
2011-12-26 23:00:00,30.23467442435558
2011-12-27 00:00:00,12.516923744229763
2011-12-27 01:00:00,5.370836089442826
2011-12-27 02:00:00,2.9129041069730612
2011-12-27 03:00:00,2.7691479964476073
2011-12-27 04:00:00,3.63492404192196
2011-12-27 05:00:00,11.764744302710788
2011-12-27 06:00:00,59.015655208728276
2011-12-27 07:00:00,183.88625548994514
2011-12-27 08:00:00,368.7602193996866
2011-12-27 09:00:00,124.7800610388073
2011-12-27 10:00:00,97.51397435726233
2011-12-27 11:00:00,62.809601205606526
2011-12-27 12:00:00,54.144750341876254
2011-12-27 13:00:00,47.59155280964705
2011-12-27 14:00:00,51.90213102514742
2011-12-27 15:00:00,58.157775044493164
2011-12-27 16:00:00,87.29438429292787
2011-12-27 17:00:00,229.28204117588731
2011-12-27 18:00:00,278.0221616089081
2011-12-27 19:00:00,200.37329795276898
2011-12-27 20:00:00,110.36514191533202
2011-12-27 21:00:00,92.42444055337408
2011-12-27 22:00:00,70.22302427193658
2011-12-27 23:00:00,38.447935635426326
2011-12-28 00:00:00,16.455396618013133
2011-12-28 01:00:00,6.83015342616635
2011-12-28 02:00:00,3.5671875679162035
2011-12-28 03:00:00,3.021905899324036
2011-12-28 05:00:00,11.51547718444612
2011-12-28 06:00:00,56.94234307161169
2011-12-28 07:00:00,190.67928740456995
2011-12-28 08:00:00,360.6980193783245
2011-12-28 09:00:00,201.74008030311978
2011-12-28 10:00:00,100.2739678311496
2011-12-28 11:00:00,114.58191852453268
2011-12-28 12:00:00,104.28411627608439
2011-12-28 13:00:00,108.96661407198485
2011-12-28 14:00:00,95.60825908382726
2011-12-28 15:00:00,101.60323957293888
2011-12-28 16:00:00,141.6243439166432
2011-12-28 17:00:00,313.331612346321
2011-12-28 18:00:00,274.7863212652961
2011-12-28 19:00:00,196.3846741995642
2011-12-28 20:00:00,128.70133281216798
2011-12-28 21:00:00,95.53152476792638
2011-12-28 22:00:00,72.98634897189184
2011-12-28 23:00:00,36.320431890284794
2011-12-29 00:00:00,16.877598408666387
2011-12-29 01:00:00,6.450431632420036
2011-12-29 02:00:00,3.835844757756082
2011-12-29 03:00:00,2.410355895280133
2011-12-29 04:00:00,2.917165545871095
2011-12-29 05:00:00,11.297934906713541
2011-12-29 06:00:00,52.93895052470811
2011-12-29 07:00:00,170.64584469238437
2011-12-29 08:00:00,343.78514229179956
2011-12-29 09:00:00,181.68936420557196
2011-12-29 10:00:00,93.0638491221913
2011-12-29 11:00:00,103.71528641963056
2011-12-29 12:00:00,115.37277307183182
2011-12-29 13:00:00,114.26415554438368
2011-12-29 14:00:00,96.44624726971897
2011-12-29 15:00:00,108.44031158870641
2011-12-29 16:00:00,144.60005133181085
2011-12-29 17:00:00,310.03543963955656
2011-12-29 18:00:00,286.92601513585464
2011-12-29 19:00:00,201.83370970216237
2011-12-29 20:00:00,128.1007896932744
2011-12-29 21:00:00,103.51190832819938
2011-12-29 22:00:00,76.3492905203952
2011-12-29 23:00:00,52.07964914127828
2011-12-30 00:00:00,28.475413275576667
2011-12-30 01:00:00,10.108332024149757
2011-12-30 02:00:00,5.969950811068513
2011-12-30 03:00:00,4.204024494511109
2011-12-30 04:00:00,3.564002254067548
2011-12-30 05:00:00,11.663665072647177
2011-12-30 06:00:00,57.58059605757368
2011-12-30 07:00:00,166.02701306042846
2011-12-30 08:00:00,369.23129260889164
2011-12-30 09:00:00,196.2277287362891
2011-12-30 10:00:00,111.12582767441143
2011-12-30 11:00:00,120.02709245945441
2011-12-30 12:00:00,147.51664284014532
2011-12-30 13:00:00,146.2814168256876
2011-12-30 14:00:00,128.35204526545195
2011-12-30 15:00:00,152.0547249297349
2011-12-30 16:00:00,212.5375620523177
2011-12-30 17:00:00,337.2755529573988
2011-12-30 18:00:00,293.48225382192976
2011-12-30 19:00:00,192.32675861125725
2011-12-30 20:00:00,130.42063348304114
2011-12-30 21:00:00,112.63344102428958
2011-12-30 22:00:00,79.80614970654501
2011-12-30 23:00:00,59.13091264968364
2011-12-31 00:00:00,55.20005538355378
2011-12-31 01:00:00,43.04148789815066
2011-12-31 02:00:00,36.24075312182405
2011-12-31 03:00:00,16.789837042426363
2011-12-31 04:00:00,5.531411852712471
2011-12-31 05:00:00,3.743153315802511
2011-12-31 06:00:00,9.436427520858102
2011-12-31 07:00:00,19.112400254411597
2011-12-31 08:00:00,66.51877677682872
2011-12-31 09:00:00,117.59779997120845
2011-12-31 10:00:00,208.21226242196005
2011-12-31 11:00:00,287.1307142495336
2011-12-31 12:00:00,333.6740761758177
2011-12-31 13:00:00,349.88877636278374
2011-12-31 14:00:00,275.5684641945348
2011-12-31 15:00:00,274.2105795061904
2011-12-31 16:00:00,239.07171002092792
2011-12-31 17:00:00,236.1305976078703
2011-12-31 18:00:00,204.8131507991433
2011-12-31 19:00:00,159.92559588233664
2011-12-31 20:00:00,120.47167742210588
2011-12-31 21:00:00,95.41892493845334
2011-12-31 22:00:00,89.26261423176388
2011-12-31 23:00:00,69.24095730870279
2012-01-20 00:00:00,26.496974976558036
2012-01-20 01:00:00,12.480253358334185
2012-01-20 02:00:00,6.374975564454204
2012-01-20 03:00:00,4.521615180400109
2012-01-20 04:00:00,3.0953830198564476
2012-01-20 05:00:00,21.092671070577307
2012-01-20 06:00:00,90.05773877709238
2012-01-20 07:00:00,199.6600516749594
2012-01-20 08:00:00,454.94577692800436
2012-01-20 09:00:00,232.892138290357
2012-01-20 10:00:00,108.90532974429954
2012-01-20 11:00:00,108.94252914888922
2012-01-20 12:00:00,131.86350217438246
2012-01-20 13:00:00,143.6642687037245
2012-01-20 14:00:00,119.58267481650367
2012-01-20 15:00:00,145.78321419454446
2012-01-20 16:00:00,186.34378454030104
2012-01-20 17:00:00,361.22994563747557
2012-01-20 18:00:00,306.09984092565423
2012-01-20 19:00:00,218.39255888164124
2012-01-20 20:00:00,147.11393643900394
2012-01-20 21:00:00,115.34052682862531
2012-01-20 22:00:00,77.56921309653724
2012-01-20 23:00:00,38.70538144622385
2012-01-21 00:00:00,49.432437348438086
2012-01-21 01:00:00,29.767262057441133
2012-01-21 02:00:00,28.817365589794576
2012-01-21 03:00:00,13.648627852029104
2012-01-21 04:00:00,3.9746280876276625
2012-01-21 05:00:00,3.485089788211233
2012-01-21 06:00:00,7.337386814485501
2012-01-21 07:00:00,16.705506565533266
2012-01-21 08:00:00,56.797618238962606
2012-01-21 09:00:00,98.62138783231867
2012-01-21 10:00:00,82.51881259261853
2012-01-21 11:00:00,174.764038997063
2012-01-21 12:00:00,209.36875272356167
2012-01-21 13:00:00,221.48070827392283
2012-01-21 14:00:00,120.84129088098888
2012-01-21 15:00:00,118.77220782663481
2012-01-21 16:00:00,171.47287539362307
2012-01-21 17:00:00,150.83294795554906
2012-01-21 18:00:00,156.2259974034785
2012-01-21 19:00:00,101.28358664008951
2012-01-21 20:00:00,84.20947252731881
2012-01-21 21:00:00,79.65008222890282
2012-01-21 22:00:00,70.32917023061894
2012-01-21 23:00:00,58.4639111841503
2012-01-22 00:00:00,58.70029114240559
2012-01-22 01:00:00,42.859626129423475
2012-01-22 02:00:00,34.75854889349328
2012-01-22 03:00:00,15.373241099164073
2012-01-22 04:00:00,3.5485350540682488
2012-01-22 05:00:00,3.1769295036892555
2012-01-22 06:00:00,5.657773943815731
2012-01-22 07:00:00,13.455643163304382
2012-01-22 08:00:00,40.00913314137367
2012-01-22 09:00:00,74.8418603034113
2012-01-22 10:00:00,102.24501990675107
2012-01-22 11:00:00,91.52211886229378
2012-01-22 12:00:00,138.12199872544122
2012-01-22 13:00:00,174.44580628932127
2012-01-22 14:00:00,149.30635489343092
2012-01-22 15:00:00,136.2695987360458
2012-01-22 16:00:00,131.17623791689147
2012-01-22 17:00:00,122.51106646596928
2012-01-22 18:00:00,65.20042588297186
2012-01-22 19:00:00,51.541433990368255
2012-01-22 20:00:00,38.60865762401831
2012-01-22 21:00:00,31.034636542889736
2012-01-22 22:00:00,31.088360624995257
2012-01-22 23:00:00,21.887588538756678
2012-01-23 00:00:00,11.142632731620582
2012-01-23 01:00:00,4.355134766815495
2012-01-23 02:00:00,2.655554411976241
2012-01-23 03:00:00,1.7633933974986673
2012-01-23 04:00:00,2.2263267703658287
2012-01-23 05:00:00,13.612082839487428
2012-01-23 06:00:00,67.05803937263774
2012-01-23 07:00:00,104.80867573718187
2012-01-23 08:00:00,215.2449142273073
2012-01-23 09:00:00,180.19223445422108
2012-01-23 10:00:00,75.14924393363744
2012-01-23 11:00:00,70.15710151770715
2012-01-23 12:00:00,84.11632570509316
2012-01-23 13:00:00,42.82592781215463
2012-01-23 14:00:00,42.28031858789987
2012-01-23 15:00:00,57.342304833278135
2012-01-23 16:00:00,129.96805473254696
2012-01-23 17:00:00,204.1096108078084
2012-01-23 18:00:00,240.20005089320838
2012-01-23 19:00:00,169.52868101029864
2012-01-23 20:00:00,92.7315019105445
2012-01-23 21:00:00,65.44284339666854
2012-01-23 22:00:00,41.27262356808855
2012-01-23 23:00:00,27.62245486731972
2012-01-24 00:00:00,8.453379041131727
2012-01-24 01:00:00,3.9407511821937766
2012-01-24 02:00:00,2.7881393825769933
2012-01-24 03:00:00,1.967037035446421
2012-01-24 04:00:00,2.4907016097461048
2012-01-24 05:00:00,17.81218974030164
2012-01-24 06:00:00,74.6365603564472
2012-01-24 07:00:00,190.93726732234344
2012-01-24 08:00:00,369.68759756188496
2012-01-24 09:00:00,193.17506469262432
2012-01-24 10:00:00,97.38140223926176
2012-01-24 11:00:00,91.57511603971231
2012-01-24 12:00:00,107.37009174531853
2012-01-24 13:00:00,103.95867443243029
2012-01-24 14:00:00,99.40553556783019
2012-01-24 15:00:00,115.84948339320766
2012-01-24 16:00:00,205.86165480932547
2012-01-24 17:00:00,401.3344309989208
2012-01-24 18:00:00,377.64368003072235
2012-01-24 19:00:00,289.9919826182781
2012-01-24 20:00:00,155.09803324503406
2012-01-24 21:00:00,132.02851367026076
2012-01-24 22:00:00,77.69718121932411
2012-01-24 23:00:00,48.20370957390444
2012-01-25 00:00:00,7.865209493007483
2012-01-25 01:00:00,8.576953017435752
2012-01-25 02:00:00,4.346368187027785
2012-01-25 03:00:00,2.592443956654774
2012-01-25 04:00:00,2.0424080516473118
2012-01-25 05:00:00,17.466976827306354
2012-01-25 06:00:00,85.31100805144547
2012-01-25 07:00:00,222.30536674517663
2012-01-25 08:00:00,432.73317997828235
2012-01-25 09:00:00,224.8021670447582
2012-01-25 10:00:00,83.03230172517628
2012-01-25 11:00:00,92.62218963982774
2012-01-25 12:00:00,137.93203721991097
2012-01-25 13:00:00,132.0816356186811
2012-01-25 14:00:00,115.31860785926573
2012-01-25 15:00:00,137.70670488262817
2012-01-25 16:00:00,172.42933267166615
2012-01-25 17:00:00,366.47575741184704
2012-01-25 18:00:00,332.17994357757914
2012-01-25 19:00:00,212.61920252079804
2012-01-25 20:00:00,149.02689545353215
2012-01-25 21:00:00,115.10675928639658
2012-01-25 22:00:00,85.54029471706092
2012-01-25 23:00:00,43.25918590876886
2012-01-26 00:00:00,22.319654997827875
2012-01-26 01:00:00,9.686337802211483
2012-01-26 02:00:00,5.032348459205101
2012-01-26 03:00:00,2.8251188096395103
2012-01-26 04:00:00,2.8562492927995837
2012-01-26 05:00:00,20.099202482383472
2012-01-26 06:00:00,88.2842915314105
2012-01-26 07:00:00,233.7008655174837
2012-01-26 08:00:00,448.588567640683
2012-01-26 09:00:00,224.98475229398372
2012-01-26 10:00:00,97.90770427689432
2012-01-26 11:00:00,84.18876814174898
2012-01-26 12:00:00,112.45481790531407
2012-01-26 13:00:00,130.1719272974238
2012-01-26 14:00:00,119.98017286439266
2012-01-26 15:00:00,134.11227331043233
2012-01-26 16:00:00,181.0605567489122
2012-01-26 17:00:00,367.5773431553876
2012-01-26 18:00:00,340.2854817698273
2012-01-26 19:00:00,242.4100912809869
2012-01-26 20:00:00,133.3997272096509
2012-01-26 21:00:00,131.81483861051373
2012-01-26 22:00:00,97.37305808176038
2012-01-26 23:00:00,59.30009873365355
2012-01-27 00:00:00,32.633921995102476
2012-01-27 01:00:00,13.926807731265825
2012-01-27 02:00:00,9.87298572708672
2012-01-27 03:00:00,3.7872250605269118
2012-01-27 04:00:00,2.3933242279374594
2012-01-27 05:00:00,18.573224592639853
2012-01-27 06:00:00,76.37724844662543
2012-01-27 07:00:00,167.16230781011262
2012-01-27 08:00:00,194.45684877139513
2012-01-27 09:00:00,102.28937683203648
2012-01-27 10:00:00,44.19389684594395
2012-01-27 11:00:00,102.82557440716081
2012-01-27 12:00:00,143.3303259315632
2012-01-27 13:00:00,196.46056628801102
2012-01-27 14:00:00,172.02023326235266
2012-01-27 15:00:00,198.26796176411736
2012-01-27 16:00:00,239.3101558539154
2012-01-27 17:00:00,396.9005052936489
2012-01-27 18:00:00,326.99678250928486
2012-01-27 19:00:00,227.79400695264093
2012-01-27 20:00:00,153.13036736399363
2012-01-27 21:00:00,111.71261413241463
2012-01-27 22:00:00,87.7484665966136
2012-01-27 23:00:00,58.800865622327386
2012-01-28 00:00:00,66.6803693480991
2012-01-28 01:00:00,57.93296628689238
2012-01-28 02:00:00,45.56745050238927
2012-01-28 03:00:00,19.5434777150251
2012-01-28 04:00:00,4.867151065040426
2012-01-28 05:00:00,4.51954883495191
2012-01-28 06:00:00,10.654315461600596
2012-01-28 07:00:00,23.337884019059672
2012-01-28 08:00:00,73.16052777085181
2012-01-28 09:00:00,127.28577787973295
2012-01-28 10:00:00,162.8760505694379
2012-01-28 11:00:00,254.90724385745494
2012-01-28 12:00:00,256.84993039002734
2012-01-28 13:00:00,353.4712192549737
2012-01-28 14:00:00,317.6506812466358
2012-01-28 15:00:00,321.7080532139311
2012-01-28 16:00:00,325.734153369968
2012-01-28 17:00:00,289.73419929311075
2012-01-28 18:00:00,244.0373174660686
2012-01-28 19:00:00,150.24136300305233
2012-01-28 20:00:00,144.9797294613851
2012-01-28 21:00:00,112.71110593395683
2012-01-28 22:00:00,106.61530100286275
2012-01-28 23:00:00,76.10160972323791
2012-01-29 00:00:00,78.02271649142692
2012-01-29 01:00:00,66.30431333626952
2012-01-29 02:00:00,49.10814578439054
2012-01-29 03:00:00,24.38127900432895
2012-01-29 04:00:00,5.331133596855639
2012-01-29 05:00:00,4.150750602106345
2012-01-29 06:00:00,7.212489166813768
2012-01-29 07:00:00,15.730997095584181
2012-01-29 08:00:00,47.17781092252271
2012-01-29 09:00:00,83.87895830676756
2012-01-29 10:00:00,151.29053271079965
2012-01-29 11:00:00,211.334723694055
2012-01-29 12:00:00,239.95430840851859
2012-01-29 13:00:00,278.9234329459636
2012-01-29 14:00:00,239.17882212412673
2012-01-29 15:00:00,248.49583334277506
2012-01-29 16:00:00,231.44955493275614
2012-01-29 17:00:00,195.75888885302587
2012-01-29 18:00:00,150.6830972442583
2012-01-29 19:00:00,125.75699526799146
2012-01-29 20:00:00,95.88339525247443
2012-01-29 21:00:00,72.119466138071
2012-01-29 22:00:00,51.905748258616136
2012-01-29 23:00:00,34.49781416741723
2012-01-30 00:00:00,11.406752151933603
2012-01-30 01:00:00,5.708106656866747
2012-01-30 02:00:00,3.2119449151948944
2012-01-30 03:00:00,2.2886442787261263
2012-01-30 04:00:00,2.3325910345915495
2012-01-30 05:00:00,15.060852543839971
2012-01-30 06:00:00,74.37538387507475
2012-01-30 07:00:00,199.21903195660752
2012-01-30 08:00:00,391.700034796292
2012-01-30 09:00:00,201.8057300911225
2012-01-30 10:00:00,86.54032434106051
2012-01-30 11:00:00,103.9543426642144
2012-01-30 12:00:00,127.00790077199275
2012-01-30 13:00:00,125.0597802736887
2012-01-30 14:00:00,123.90458868963412
2012-01-30 15:00:00,133.65243752029323
2012-01-30 16:00:00,210.0023888165012
2012-01-30 17:00:00,408.51562745680815
2012-01-30 18:00:00,359.8689107738554
2012-01-30 19:00:00,240.30211985437433
2012-01-30 20:00:00,142.99067262067075
2012-01-30 21:00:00,109.41261087358933
2012-01-30 22:00:00,66.8250230453201
2012-01-30 23:00:00,40.26325305212263
2012-01-31 00:00:00,18.075297885525845
2012-01-31 01:00:00,7.984868495224819
2012-01-31 02:00:00,4.1992956809696995
2012-01-31 03:00:00,2.772091842342442
2012-01-31 04:00:00,2.9397161173634476
2012-01-31 05:00:00,19.977056532815116
2012-01-31 06:00:00,95.12508871072846
2012-01-31 07:00:00,238.81502197180842
2012-01-31 08:00:00,460.3135313890131
2012-01-31 09:00:00,234.43748718183525
2012-01-31 10:00:00,97.58143713613346
2012-01-31 11:00:00,128.6168480430778
2012-01-31 12:00:00,152.70281920946977
2012-01-31 13:00:00,172.9637089221142
2012-01-31 14:00:00,149.97181817944826
2012-01-31 15:00:00,180.91405601948986
2012-01-31 16:00:00,269.98108292250515
2012-01-31 17:00:00,524.8951577810618
2012-01-31 18:00:00,495.65486133214284
2012-01-31 19:00:00,313.4909325151851
2012-01-31 20:00:00,181.8043263900933
2012-01-31 21:00:00,156.6801472799187
2012-01-31 22:00:00,109.74645086001685
2012-01-31 23:00:00,59.32360451433105
2012-02-20 00:00:00,49.78316836406611
2012-02-20 01:00:00,34.496572384053
2012-02-20 02:00:00,22.349184645410688
2012-02-20 03:00:00,8.446178297411462
2012-02-20 05:00:00,5.346603478934319
2012-02-20 06:00:00,12.653956371832958
2012-02-20 07:00:00,43.05959608830834
2012-02-20 08:00:00,104.49806231454355
2012-02-20 09:00:00,130.9496969657529
2012-02-20 10:00:00,123.15548057015495
2012-02-20 11:00:00,163.5267746849481
2012-02-20 12:00:00,184.67750362554852
2012-02-20 13:00:00,200.10999115418912
2012-02-20 14:00:00,175.2697861179257
2012-02-20 15:00:00,174.83609042498838
2012-02-20 16:00:00,183.1570873880678
2012-02-20 17:00:00,211.64215654037798
2012-02-20 18:00:00,179.06942842660231
2012-02-20 19:00:00,158.32320147688068
2012-02-20 20:00:00,106.13927022062298
2012-02-20 21:00:00,73.8493093362468
2012-02-20 22:00:00,56.95110285015406
2012-02-20 23:00:00,32.460036142603556
2012-02-21 00:00:00,15.620018792051356
2012-02-21 01:00:00,6.84737970877339
2012-02-21 02:00:00,3.473080813944692
2012-02-21 04:00:00,2.142493654670233
2012-02-21 05:00:00,14.92303808456998
2012-02-21 06:00:00,90.26951273674655
2012-02-21 07:00:00,260.6931216798754
2012-02-21 08:00:00,529.8774171676412
2012-02-21 09:00:00,273.69308711366386
2012-02-21 10:00:00,111.27458394239973
2012-02-21 11:00:00,102.84521265921842
2012-02-21 12:00:00,134.01241562569524
2012-02-21 13:00:00,140.48024559250985
2012-02-21 14:00:00,111.95132618861285
2012-02-21 15:00:00,133.33123603916707
2012-02-21 16:00:00,228.20615721885753
2012-02-21 17:00:00,468.8280330581417
2012-02-21 18:00:00,418.55366426004264
2012-02-21 19:00:00,287.4199970732113
2012-02-21 20:00:00,170.2736576969361
2012-02-21 21:00:00,141.89261055541544
2012-02-21 22:00:00,89.12905556316235
2012-02-21 23:00:00,53.99920365560446
2012-02-22 00:00:00,19.09174499883131
2012-02-22 01:00:00,8.53745677065854
2012-02-22 02:00:00,4.043590864295984
2012-02-22 03:00:00,2.2809750650118983
2012-02-22 04:00:00,2.124356808255106
2012-02-22 05:00:00,17.425244996829505
2012-02-22 06:00:00,100.06245274129657
2012-02-22 07:00:00,316.7279263532532
2012-02-22 08:00:00,595.1614763658226
2012-02-22 09:00:00,320.22561500496283
2012-02-22 10:00:00,131.9442732651389
2012-02-22 11:00:00,140.18132498210946
2012-02-22 12:00:00,176.86649598445962
2012-02-22 13:00:00,170.84650167628627
2012-02-22 14:00:00,155.03364376043646
2012-02-22 15:00:00,185.9920404016149
2012-02-22 16:00:00,285.50708041515617
2012-02-22 17:00:00,585.7610394147164
2012-02-22 18:00:00,427.90412313467084
2012-02-22 19:00:00,304.6325538482533
2012-02-22 20:00:00,200.86975292192858
2012-02-22 21:00:00,163.1050172046719
2012-02-22 22:00:00,113.16424922300318
2012-02-22 23:00:00,70.09090566756738
2012-02-23 00:00:00,30.010266434915557
2012-02-23 01:00:00,12.3578238895223
2012-02-23 02:00:00,6.609683380060976
2012-02-23 03:00:00,2.5998590458923214
2012-02-23 04:00:00,2.831635827628505
2012-02-23 05:00:00,19.895214183258716
2012-02-23 06:00:00,121.67819346215124
2012-02-23 07:00:00,315.3573792924632
2012-02-23 08:00:00,645.2934543146906
2012-02-23 09:00:00,316.45564828250616
2012-02-23 10:00:00,147.41805158326434
2012-02-23 11:00:00,170.91265951991863
2012-02-23 12:00:00,214.82087722129634
2012-02-23 13:00:00,229.69379761051326
2012-02-23 14:00:00,202.63887988245864
2012-02-23 15:00:00,220.50025501713418
2012-02-23 16:00:00,304.98588838787845
2012-02-23 17:00:00,611.321515797377
2012-02-23 18:00:00,557.3833819198543
2012-02-23 19:00:00,365.8448818801065
2012-02-23 20:00:00,261.1117663484399
2012-02-23 21:00:00,186.55846006858368
2012-02-23 22:00:00,145.01954782309272
2012-02-23 23:00:00,95.1911894630917
2012-02-24 00:00:00,42.177757709473205
2012-02-24 01:00:00,20.53893339518736
2012-02-24 02:00:00,7.389961244663847
2012-02-24 03:00:00,5.274362070107755
2012-02-24 04:00:00,3.268723914675291
2012-02-24 05:00:00,17.940470306566127
2012-02-24 06:00:00,107.91706673201993
2012-02-24 07:00:00,224.67742172704496
2012-02-24 08:00:00,488.6102979223309
2012-02-24 09:00:00,139.20031372704622
2012-02-24 10:00:00,85.68521118329014
2012-02-24 11:00:00,144.33207433311188
2012-02-24 12:00:00,192.47736834618803
2012-02-24 13:00:00,189.64500275669988
2012-02-24 14:00:00,179.26314457577567
2012-02-24 15:00:00,75.12250952698174
2012-02-24 16:00:00,107.10911912583161
2012-02-24 17:00:00,191.80002480221808
2012-02-24 18:00:00,315.059859317179
2012-02-24 19:00:00,273.5497174343526
2012-02-24 20:00:00,224.73094823905404
2012-02-24 21:00:00,173.83043002265435
2012-02-24 22:00:00,120.06443885513968
2012-02-24 23:00:00,84.05003412992353
2012-02-25 00:00:00,71.61414530215225
2012-02-25 01:00:00,53.242068628048024
2012-02-25 02:00:00,41.0471121216375
2012-02-25 03:00:00,16.297166693547325
2012-02-25 04:00:00,4.194587556149076
2012-02-25 05:00:00,3.7310186255718882
2012-02-25 06:00:00,9.018743559436844
2012-02-25 07:00:00,24.121933815078933
2012-02-25 08:00:00,65.227210073322
2012-02-25 09:00:00,81.27433135172107
2012-02-25 10:00:00,150.95289296437602
2012-02-25 11:00:00,192.352162200594
2012-02-25 12:00:00,207.70417506481252
2012-02-25 13:00:00,300.14891194496056
2012-02-25 14:00:00,231.3852969776124
2012-02-25 15:00:00,256.142212404226
2012-02-25 16:00:00,183.69863480007479
2012-02-25 17:00:00,215.56330153453754
2012-02-25 18:00:00,144.43713683542325
2012-02-25 19:00:00,118.95135718379382
2012-02-25 20:00:00,85.31693837502677
2012-02-25 21:00:00,78.26589038333172
2012-02-25 22:00:00,68.734555005914
2012-02-25 23:00:00,55.04859130654324
2012-02-26 00:00:00,64.26645883449267
2012-02-26 01:00:00,49.236312366418396
2012-02-26 02:00:00,39.88416843472977
2012-02-26 03:00:00,19.807537953007046
2012-02-26 04:00:00,4.879627024967754
2012-02-26 05:00:00,3.849714296101661
2012-02-26 06:00:00,5.560933960139651
2012-02-26 07:00:00,14.806632719534097
2012-02-26 08:00:00,46.098806953603486
2012-02-26 09:00:00,87.577380979162
2012-02-26 10:00:00,151.47583196930677
2012-02-26 11:00:00,208.38859974284716
2012-02-26 12:00:00,263.8556222482014
2012-02-26 13:00:00,316.35064201273207
2012-02-26 14:00:00,291.67376102511565
2012-02-26 15:00:00,276.19150060550237
2012-02-26 16:00:00,261.95946436753457
2012-02-26 17:00:00,234.54629453492296
2012-02-26 18:00:00,175.38994191693263
2012-02-26 19:00:00,147.2199519853614
2012-02-26 20:00:00,105.1087532561863
2012-02-26 21:00:00,84.29321760108567
2012-02-26 22:00:00,58.395321789418475
2012-02-26 23:00:00,35.175632117494345
2012-02-27 00:00:00,14.740080284664794
2012-02-27 01:00:00,6.098899700807272
2012-02-27 02:00:00,3.3927325770405754
2012-02-27 03:00:00,1.9444154542515144
2012-02-27 04:00:00,2.2115937803983035
2012-02-27 05:00:00,14.655009558827945
2012-02-27 06:00:00,80.21587882119375
2012-02-27 07:00:00,247.1348448696941
2012-02-27 08:00:00,483.08850601894034
2012-02-27 09:00:00,251.15444374322087
2012-02-27 10:00:00,117.3927931086485
2012-02-27 11:00:00,137.48808215987162
2012-02-27 12:00:00,172.34568561842005
2012-02-27 13:00:00,164.6568751302052
2012-02-27 14:00:00,168.06664596760592
2012-02-27 15:00:00,205.40674909861124
2012-02-27 16:00:00,307.0801095699497
2012-02-27 17:00:00,573.2323497675231
2012-02-27 18:00:00,532.6724436956325
2012-02-27 19:00:00,340.621217603464
2012-02-27 20:00:00,230.18797550281187
2012-02-27 21:00:00,176.45346423821258
2012-02-27 22:00:00,103.26189455254537
2012-02-27 23:00:00,59.16502584396659
2012-02-28 00:00:00,25.005242621411913
2012-02-28 01:00:00,10.289766919733115
2012-02-28 02:00:00,5.4135744313604
2012-02-28 03:00:00,2.6195848386740357
2012-02-28 04:00:00,2.3244911947412956
2012-02-28 05:00:00,15.6939829265483
2012-02-28 06:00:00,93.68231150578758
2012-02-28 07:00:00,274.6923552707536
2012-02-28 08:00:00,523.5925613430354
2012-02-28 09:00:00,278.18917566918554
2012-02-28 10:00:00,113.2969194935153
2012-02-28 11:00:00,128.63612041677527
2012-02-28 12:00:00,177.68858553275595
2012-02-28 13:00:00,170.63592739659015
2012-02-28 14:00:00,157.4937632792302
2012-02-28 15:00:00,175.7949726853027
2012-02-28 16:00:00,269.0737571784919
2012-02-28 17:00:00,521.640943228489
2012-02-28 18:00:00,487.2286500986226
2012-02-28 19:00:00,334.29383516817336
2012-02-28 20:00:00,210.81958581897482
2012-02-28 21:00:00,141.61311438397883
2012-02-28 22:00:00,108.59430844282879
2012-02-28 23:00:00,54.556573225240435
2012-02-29 00:00:00,21.122218213514454
2012-02-29 01:00:00,8.531255244244813
2012-02-29 02:00:00,4.802361427313489
2012-02-29 03:00:00,2.4199143336043916
2012-02-29 05:00:00,15.798499692978703
2012-02-29 06:00:00,89.244908181967
2012-02-29 07:00:00,298.00383251157376
2012-02-29 08:00:00,540.8359935775433
2012-02-29 09:00:00,158.8579484768774
2012-02-29 10:00:00,61.42758668124681
2012-02-29 11:00:00,48.986421103601714
2012-02-29 12:00:00,50.555674006625054
2012-02-29 13:00:00,111.27277209327674
2012-02-29 14:00:00,98.96949374252195
2012-02-29 15:00:00,135.34171965216268
2012-02-29 16:00:00,108.06491405801411
2012-02-29 17:00:00,412.44148549593115
2012-02-29 18:00:00,222.67142905843073
2012-02-29 19:00:00,274.4425379252246
2012-02-29 20:00:00,127.89100056311307
2012-02-29 21:00:00,97.5885861166177
2012-02-29 22:00:00,62.565179279949966
2012-02-29 23:00:00,40.221730057248834
2012-03-20 00:00:00,30.304646263716336
2012-03-20 01:00:00,12.264585573302604
2012-03-20 02:00:00,6.410843640392931
2012-03-20 03:00:00,3.428851460066651
2012-03-20 04:00:00,4.1072685408228935
2012-03-20 05:00:00,31.47930130794995
2012-03-20 06:00:00,157.16571986546631
2012-03-20 07:00:00,228.88438537431887
2012-03-20 08:00:00,716.2323289753884
2012-03-20 09:00:00,373.04591637929923
2012-03-20 10:00:00,181.35386738286982
2012-03-20 11:00:00,186.29079894868963
2012-03-20 12:00:00,233.0456900096944
2012-03-20 13:00:00,226.78439884051735
2012-03-20 14:00:00,214.01981954378198
2012-03-20 15:00:00,251.0997296013935
2012-03-20 16:00:00,378.8771427732947
2012-03-20 17:00:00,726.3727428524419
2012-03-20 18:00:00,699.28508510185
2012-03-20 19:00:00,518.2447941441837
2012-03-20 20:00:00,325.9930174573464
2012-03-20 21:00:00,243.9336262873159
2012-03-20 22:00:00,169.11462802900047
2012-03-20 23:00:00,94.23243428437239
2012-03-21 00:00:00,43.33924311141828
2012-03-21 01:00:00,18.719035114975057
2012-03-21 02:00:00,8.22075532314076
2012-03-21 03:00:00,5.218195558689461
2012-03-21 04:00:00,4.2165911536466885
2012-03-21 05:00:00,28.776711418252894
2012-03-21 06:00:00,105.14979357369776
2012-03-21 07:00:00,173.67808632274648
2012-03-21 08:00:00,255.59394934473013
2012-03-21 09:00:00,285.0518827757208
2012-03-21 10:00:00,152.51911540085575
2012-03-21 11:00:00,148.33988959602283
2012-03-21 12:00:00,200.03989108167437
2012-03-21 13:00:00,175.9460503987382
2012-03-21 14:00:00,182.817923604762
2012-03-21 15:00:00,198.71973194674038
2012-03-21 16:00:00,342.6844359293778
2012-03-21 17:00:00,687.5918245904569
2012-03-21 18:00:00,646.4001790324254
2012-03-21 19:00:00,485.9182760175467
2012-03-21 20:00:00,328.51197022576594
2012-03-21 21:00:00,228.86179217982297
2012-03-21 22:00:00,174.28254255243294
2012-03-21 23:00:00,116.41304475928277
2012-03-22 00:00:00,58.676948969501225
2012-03-22 01:00:00,25.540770808039696
2012-03-22 02:00:00,12.843506094008742
2012-03-22 03:00:00,7.526472186788688
2012-03-22 04:00:00,5.401182323335296
2012-03-22 05:00:00,23.056524498178995
2012-03-22 06:00:00,107.56374189252872
2012-03-22 07:00:00,294.7275883597989
2012-03-22 08:00:00,492.11803883792675
2012-03-22 09:00:00,234.46291356202744
2012-03-22 10:00:00,101.78848971711218
2012-03-22 11:00:00,119.00885992521718
2012-03-22 12:00:00,171.70950637932023
2012-03-22 13:00:00,235.86473487787669
2012-03-22 14:00:00,233.5058436102811
2012-03-22 15:00:00,246.66202563842623
2012-03-22 16:00:00,358.78910381923583
2012-03-22 17:00:00,754.8018551214684
2012-03-22 18:00:00,718.0410130386629
2012-03-22 19:00:00,524.3230087546453
2012-03-22 20:00:00,329.5829172563091
2012-03-22 21:00:00,238.58617463690163
2012-03-22 22:00:00,169.83314404108123
2012-03-22 23:00:00,137.13030537194857
2012-03-23 00:00:00,78.72530646424445
2012-03-23 01:00:00,32.85074079515913
2012-03-23 02:00:00,17.102194762158632
2012-03-23 03:00:00,10.004772958551571
2012-03-23 04:00:00,6.017508157798744
2012-03-23 05:00:00,23.35602835095027
2012-03-23 06:00:00,127.99779978904981
2012-03-23 07:00:00,312.8641753226816
2012-03-23 08:00:00,482.1673679155315
2012-03-23 09:00:00,292.82789536000314
2012-03-23 10:00:00,167.59254831340982
2012-03-23 11:00:00,217.58336397857207
2012-03-23 12:00:00,322.9199515165236
2012-03-23 13:00:00,305.51904426851667
2012-03-23 14:00:00,293.2003328384421
2012-03-23 15:00:00,323.83812576816547
2012-03-23 16:00:00,459.9361528325594
2012-03-23 17:00:00,747.1953490617467
2012-03-23 18:00:00,708.0272990681202
2012-03-23 19:00:00,499.4009475475838
2012-03-23 20:00:00,392.2048156460608
2012-03-23 21:00:00,290.27822315889154
2012-03-23 22:00:00,211.652303408565
2012-03-23 23:00:00,138.9299431343708
2012-03-24 00:00:00,137.30416026865785
2012-03-24 01:00:00,114.79560523252812
2012-03-24 02:00:00,91.73498460163113
2012-03-24 03:00:00,39.83160151223814
2012-03-24 04:00:00,11.126553588082832
2012-03-24 05:00:00,10.460100128018954
2012-03-24 06:00:00,29.911786824795612
2012-03-24 07:00:00,67.05691110280847
2012-03-24 08:00:00,136.42228087162644
2012-03-24 09:00:00,293.505582801859
2012-03-24 10:00:00,306.42003728466636
2012-03-24 11:00:00,283.75354787757755
2012-03-24 12:00:00,167.4537747187592
2012-03-24 13:00:00,168.82142919587858
2012-03-24 14:00:00,166.04895379093153
2012-03-24 15:00:00,134.23084243078225
2012-03-24 16:00:00,141.8157886480341
2012-03-24 17:00:00,159.71009146029158
2012-03-24 18:00:00,128.39194838741835
2012-03-24 19:00:00,124.46297946060814
2012-03-24 20:00:00,63.19136757290476
2012-03-24 21:00:00,50.22726432817779
2012-03-24 22:00:00,46.90944011020387
2012-03-24 23:00:00,81.12926792354217
2012-03-25 00:00:00,84.48010988667835
2012-03-25 01:00:00,72.915760023547
2012-03-25 02:00:00,36.49777697311346
2012-03-25 03:00:00,17.45903782567788
2012-03-25 04:00:00,7.42470086086671
2012-03-25 05:00:00,5.911376878749254
2012-03-25 06:00:00,10.611793701309589
2012-03-25 07:00:00,26.490163284049686
2012-03-25 08:00:00,64.32051983572315
2012-03-25 09:00:00,118.93318432996077
2012-03-25 10:00:00,200.6734636058603
2012-03-25 11:00:00,179.41788209268574
2012-03-25 12:00:00,203.56211548017944
2012-03-25 13:00:00,308.9467259319734
2012-03-25 14:00:00,310.12778989874676
2012-03-25 15:00:00,290.2365984908307
2012-03-25 16:00:00,416.7361236487639
2012-03-25 17:00:00,421.44694789834284
2012-03-25 18:00:00,373.26705388315366
2012-03-25 19:00:00,285.6107101633731
2012-03-25 20:00:00,199.14710017395214
2012-03-25 21:00:00,161.6291281422311
2012-03-25 22:00:00,121.89302808945277
2012-03-25 23:00:00,88.34029429296172
2012-03-26 00:00:00,29.6467637478046
2012-03-26 01:00:00,13.542945034072119
2012-03-26 02:00:00,7.752177161106238
2012-03-26 03:00:00,4.768203659339855
2012-03-26 04:00:00,4.984541485508502
2012-03-26 05:00:00,30.181157744301704
2012-03-26 06:00:00,123.70359715125319
2012-03-26 07:00:00,366.0190272159952
2012-03-26 08:00:00,596.1012597207555
2012-03-26 09:00:00,316.9869692884878
2012-03-26 10:00:00,160.12002505312967
2012-03-26 11:00:00,178.83105394531654
2012-03-26 12:00:00,224.37032984185208
2012-03-26 13:00:00,218.19355193934285
2012-03-26 14:00:00,205.609123776208
2012-03-26 15:00:00,229.2232698761129
2012-03-26 16:00:00,357.3005944189445
2012-03-26 17:00:00,655.9552025060057
2012-03-26 18:00:00,544.1871396662294
2012-03-26 19:00:00,390.9652222355417
2012-03-26 20:00:00,235.35086330808824
2012-03-26 21:00:00,182.6329469012372
2012-03-26 22:00:00,109.49200867693682
2012-03-26 23:00:00,56.368550470205214
2012-03-27 00:00:00,19.340108710885147
2012-03-27 01:00:00,8.662871035417366
2012-03-27 02:00:00,4.761638811939407
2012-03-27 03:00:00,3.8684446009776985
2012-03-27 04:00:00,3.912216139570547
2012-03-27 05:00:00,21.677684334936306
2012-03-27 06:00:00,119.94285185746993
2012-03-27 07:00:00,365.9136220198273
2012-03-27 08:00:00,525.9732876025205
2012-03-27 09:00:00,276.66135188107097
2012-03-27 10:00:00,126.51204867658195
2012-03-27 11:00:00,142.66726654694682
2012-03-27 12:00:00,174.70860761288174
2012-03-27 13:00:00,194.7848171630194
2012-03-27 14:00:00,185.62597365364817
2012-03-27 15:00:00,211.12302878677338
2012-03-27 16:00:00,329.01327655656235
2012-03-27 17:00:00,620.838308957718
2012-03-27 18:00:00,620.5302138427539
2012-03-27 19:00:00,431.51242607198253
2012-03-27 20:00:00,284.90795888373066
2012-03-27 21:00:00,190.3368712963565
2012-03-27 22:00:00,152.4851155136743
2012-03-27 23:00:00,80.94284423260359
2012-03-28 00:00:00,35.633174524111396
2012-03-28 01:00:00,14.228072470348387
2012-03-28 02:00:00,6.076482992196908
2012-03-28 03:00:00,5.031968247897672
2012-03-28 04:00:00,4.247062174476315
2012-03-28 05:00:00,30.424071573630556
2012-03-28 06:00:00,140.5206627456654
2012-03-28 07:00:00,398.57966117324975
2012-03-28 08:00:00,656.6157180625147
2012-03-28 09:00:00,311.2015960312576
2012-03-28 10:00:00,170.464514802741
2012-03-28 11:00:00,184.42725793398395
2012-03-28 12:00:00,235.33652292597165
2012-03-28 13:00:00,250.0443198508321
2012-03-28 14:00:00,241.26205951845793
2012-03-28 15:00:00,251.7837199145487
2012-03-28 16:00:00,262.2355601805606
2012-03-28 17:00:00,722.0130154826213
2012-03-28 18:00:00,694.2491271910843
2012-03-28 19:00:00,508.0874350501872
2012-03-28 20:00:00,366.9346193586826
2012-03-28 21:00:00,259.2231579516887
2012-03-28 22:00:00,195.39160357827885
2012-03-28 23:00:00,109.44508409660389
2012-03-29 00:00:00,57.92104968121803
2012-03-29 01:00:00,26.69963287274257
2012-03-29 02:00:00,15.130799099666424
2012-03-29 03:00:00,9.061459158505246
2012-03-29 04:00:00,7.1329242522231935
2012-03-29 05:00:00,39.324383819344916
2012-03-29 06:00:00,178.85396302545234
2012-03-29 07:00:00,473.30917176527134
2012-03-29 08:00:00,732.8562361839236
2012-03-29 09:00:00,349.0753820023112
2012-03-29 10:00:00,170.8269838854089
2012-03-29 11:00:00,193.53674325787804
2012-03-29 12:00:00,237.76812466963045
2012-03-29 13:00:00,238.26918572044457
2012-03-29 14:00:00,219.20050642472546
2012-03-29 15:00:00,260.97909236361016
2012-03-29 16:00:00,380.06122123852936
2012-03-29 17:00:00,727.0191604364187
2012-03-29 18:00:00,604.8847840048526
2012-03-29 19:00:00,435.0175726615573
2012-03-29 20:00:00,319.01400032890353
2012-03-29 21:00:00,218.09351064528428
2012-03-29 22:00:00,177.23065670611481
2012-03-29 23:00:00,113.96240128652775
2012-03-30 00:00:00,67.20546458055193
2012-03-30 01:00:00,27.925025747857195
2012-03-30 02:00:00,13.423898327249248
2012-03-30 03:00:00,7.746971130179649
2012-03-30 04:00:00,5.262779577503827
2012-03-30 05:00:00,27.54424139723833
2012-03-30 06:00:00,136.57118632443508
2012-03-30 07:00:00,331.8487216797032
2012-03-30 08:00:00,577.5875384767829
2012-03-30 09:00:00,301.21924352485524
2012-03-30 10:00:00,157.95351816092983
2012-03-30 11:00:00,178.28249920654864
2012-03-30 12:00:00,222.1176127418881
2012-03-30 13:00:00,120.00314318028181
2012-03-30 14:00:00,109.67250333672256
2012-03-30 15:00:00,122.67472459715464
2012-03-30 16:00:00,170.13274108845903
2012-03-30 17:00:00,514.5466302550911
2012-03-30 18:00:00,533.6464127286745
2012-03-30 19:00:00,359.6083632620341
2012-03-30 20:00:00,274.04423298456953
2012-03-30 21:00:00,203.51527897060328
2012-03-30 22:00:00,158.16408183564735
2012-03-30 23:00:00,111.67474480600478
2012-03-31 00:00:00,103.01426531094883
2012-03-31 01:00:00,75.51512429227107
2012-03-31 02:00:00,60.74648701751218
2012-03-31 03:00:00,27.43612231656846
2012-03-31 04:00:00,8.798097472849127
2012-03-31 05:00:00,9.117496791529726
2012-03-31 06:00:00,22.324367342954055
2012-03-31 07:00:00,58.048382128996344
2012-03-31 08:00:00,129.97808024069812
2012-03-31 09:00:00,243.2450462812869
2012-03-31 10:00:00,279.71572104060994
2012-03-31 11:00:00,444.6274825616834
2012-03-31 12:00:00,473.2352325775695
2012-03-31 13:00:00,557.1797046042418
2012-03-31 14:00:00,451.6540711222902
2012-03-31 15:00:00,497.4750390913483
2012-03-31 16:00:00,423.01302928772316
2012-03-31 17:00:00,449.95818948743124
2012-03-31 18:00:00,316.5041339650559
2012-03-31 19:00:00,284.7995946731969
2012-03-31 20:00:00,180.78809498213175
2012-03-31 21:00:00,143.46125654828867
2012-03-31 22:00:00,139.56814416782376
2012-03-31 23:00:00,107.30949953166241
2012-04-20 00:00:00,62.331140541501966
2012-04-20 01:00:00,24.96382912569591
2012-04-20 02:00:00,11.187731697096163
2012-04-20 03:00:00,5.761393191595425
2012-04-20 04:00:00,4.44928234127019
2012-04-20 05:00:00,21.111967370051907
2012-04-20 06:00:00,132.91593111276663
2012-04-20 07:00:00,281.5538261630013
2012-04-20 08:00:00,511.7292684153027
2012-04-20 09:00:00,326.0577672819619
2012-04-20 10:00:00,210.43666989816342
2012-04-20 11:00:00,261.60742432484295
2012-04-20 12:00:00,324.7425457001666
2012-04-20 13:00:00,342.5648587361182
2012-04-20 14:00:00,320.96331431428814
2012-04-20 15:00:00,337.87036641365535
2012-04-20 16:00:00,480.4549001186874
2012-04-20 17:00:00,750.5085049747281
2012-04-20 18:00:00,669.3517553426506
2012-04-20 19:00:00,512.6200454475105
2012-04-20 20:00:00,354.11298603442094
2012-04-20 21:00:00,266.74961139390444
2012-04-20 22:00:00,206.28369606222955
2012-04-20 23:00:00,149.3737130612826
2012-04-21 00:00:00,109.55419780254942
2012-04-21 01:00:00,86.64029539206754
2012-04-21 02:00:00,71.72667250799397
2012-04-21 03:00:00,27.13602866539096
2012-04-21 04:00:00,9.217305560918364
2012-04-21 05:00:00,10.46491556198061
2012-04-21 06:00:00,28.267556709699623
2012-04-21 07:00:00,66.68094034823466
2012-04-21 08:00:00,196.25732259343124
2012-04-21 09:00:00,334.43101573748834
2012-04-21 10:00:00,396.0697040572473
2012-04-21 11:00:00,494.02606807629905
2012-04-21 12:00:00,584.2168900894591
2012-04-21 13:00:00,622.3498312317637
2012-04-21 14:00:00,624.2571366350953
2012-04-21 15:00:00,601.8627062926397
2012-04-21 16:00:00,565.1976799783225
2012-04-21 17:00:00,504.5952830283093
2012-04-21 18:00:00,452.593906891107
2012-04-21 19:00:00,160.11408166734284
2012-04-21 20:00:00,95.30668076635172
2012-04-21 21:00:00,70.11501713838159
2012-04-21 22:00:00,148.9682725769797
2012-04-21 23:00:00,121.11210876190738
2012-04-22 00:00:00,91.86244938200778
2012-04-22 01:00:00,64.97060932322796
2012-04-22 02:00:00,57.950263555871
2012-04-22 03:00:00,24.551577301803988
2012-04-22 04:00:00,9.213287112236038
2012-04-22 05:00:00,9.818371209890579
2012-04-22 06:00:00,18.369029575006547
2012-04-22 07:00:00,28.86046225764229
2012-04-22 08:00:00,57.47703160153956
2012-04-22 09:00:00,93.4193301929647
2012-04-22 10:00:00,122.57196859421543
2012-04-22 11:00:00,131.4399913374062
2012-04-22 12:00:00,137.8637517683534
2012-04-22 13:00:00,152.92250993559992
2012-04-22 14:00:00,144.58924549524085
2012-04-22 15:00:00,139.92750790922753
2012-04-22 16:00:00,120.53284308061853
2012-04-22 17:00:00,92.31914465923282
2012-04-22 18:00:00,78.02732144988799
2012-04-22 19:00:00,65.06774564266878
2012-04-22 20:00:00,50.85746028700643
2012-04-22 21:00:00,45.214002662032115
2012-04-22 22:00:00,26.361435091470323
2012-04-22 23:00:00,28.297402257792793
2012-04-23 00:00:00,15.205585534929323
2012-04-23 01:00:00,5.280027267506841
2012-04-23 02:00:00,4.302560222530839
2012-04-23 03:00:00,2.7910547869448354
2012-04-23 04:00:00,2.5186879190930007
2012-04-23 05:00:00,10.60126131781319
2012-04-23 06:00:00,102.7309013910109
2012-04-23 07:00:00,183.3770886446567
2012-04-23 08:00:00,540.514309118667
2012-04-23 09:00:00,256.12934493855545
2012-04-23 10:00:00,127.5054740906463
2012-04-23 11:00:00,138.26623551664562
2012-04-23 12:00:00,88.02202684839466
2012-04-23 13:00:00,88.3039386710833
2012-04-23 14:00:00,95.6268181134924
2012-04-23 15:00:00,205.1325361922074
2012-04-23 16:00:00,102.64764199077723
2012-04-23 17:00:00,230.9981616276612
2012-04-23 18:00:00,263.9639396195582
2012-04-23 19:00:00,367.4013458818614
2012-04-23 20:00:00,231.5551171093419
2012-04-23 21:00:00,136.03850721822772
2012-04-23 22:00:00,106.80613104314695
2012-04-23 23:00:00,66.5238989502011
2012-04-24 00:00:00,23.389142448429318
2012-04-24 01:00:00,9.902329819383707
2012-04-24 02:00:00,4.454861065478862
2012-04-24 03:00:00,2.6817746854925666
2012-04-24 04:00:00,2.7791240092441902
2012-04-24 05:00:00,16.615275681989328
2012-04-24 06:00:00,91.84718996740742
2012-04-24 07:00:00,290.3981499201352
2012-04-24 08:00:00,566.4757821428683
2012-04-24 09:00:00,289.27187084638484
2012-04-24 10:00:00,157.97745926259796
2012-04-24 11:00:00,199.86802844125097
2012-04-24 12:00:00,240.61718933294046
2012-04-24 13:00:00,237.11156447645217
2012-04-24 14:00:00,218.30364655606738
2012-04-24 15:00:00,240.6263217814201
2012-04-24 16:00:00,361.24010630545905
2012-04-24 17:00:00,746.1640030516494
2012-04-24 18:00:00,661.6821718649144
2012-04-24 19:00:00,473.1452046837738
2012-04-24 20:00:00,298.93071654562186
2012-04-24 21:00:00,230.44792321456637
2012-04-24 22:00:00,162.02533581640856
2012-04-24 23:00:00,87.6471506137895
2012-04-25 00:00:00,31.363919089819195
2012-04-25 01:00:00,12.366422838590463
2012-04-25 02:00:00,5.613295237477377
2012-04-25 03:00:00,3.301824695512084
2012-04-25 04:00:00,3.0935922195994214
2012-04-25 05:00:00,22.04776812485431
2012-04-25 06:00:00,119.13878115330903
2012-04-25 07:00:00,378.04928581488775
2012-04-25 08:00:00,643.3266213086825
2012-04-25 09:00:00,310.3990300965947
2012-04-25 10:00:00,190.67601312739302
2012-04-25 11:00:00,218.0153447199106
2012-04-25 12:00:00,268.3617889006119
2012-04-25 13:00:00,270.2237183822247
2012-04-25 14:00:00,242.29736007467625
2012-04-25 15:00:00,276.82952695571
2012-04-25 16:00:00,362.3499969073737
2012-04-25 17:00:00,714.3721489370164
2012-04-25 18:00:00,675.6555179470544
2012-04-25 19:00:00,486.1544112674839
2012-04-25 20:00:00,348.2624589029673
2012-04-25 21:00:00,250.7910053309782
2012-04-25 22:00:00,174.13809993109498
2012-04-25 23:00:00,96.84154146607126
2012-04-26 00:00:00,46.23440286564626
2012-04-26 01:00:00,21.512499513188445
2012-04-26 02:00:00,10.828879977563036
2012-04-26 03:00:00,5.274107441511915
2012-04-26 04:00:00,5.494743643278039
2012-04-26 05:00:00,33.94080866475612
2012-04-26 06:00:00,169.64787858700953
2012-04-26 07:00:00,223.61450376837743
2012-04-26 08:00:00,339.5911193248575
2012-04-26 09:00:00,154.00133465788062
2012-04-26 10:00:00,138.49429095423812
2012-04-26 11:00:00,125.4887639451969
2012-04-26 12:00:00,221.03699935204688
2012-04-26 13:00:00,200.38693771838348
2012-04-26 14:00:00,219.53883926480512
2012-04-26 15:00:00,184.8021996608394
2012-04-26 16:00:00,277.7328268390571
2012-04-26 17:00:00,699.9984250714758
2012-04-26 18:00:00,608.1739717193773
2012-04-26 19:00:00,425.0932014468974
2012-04-26 20:00:00,330.481749516229
2012-04-26 21:00:00,224.30275217671425
2012-04-26 22:00:00,190.32751788855316
2012-04-26 23:00:00,125.94976922396779
2012-04-27 00:00:00,61.25886823894255
2012-04-27 01:00:00,26.627788460165416
2012-04-27 02:00:00,14.465212467099985
2012-04-27 03:00:00,6.146675290213372
2012-04-27 04:00:00,5.003754525785648
2012-04-27 05:00:00,28.8649324964857
2012-04-27 06:00:00,149.9299742919118
2012-04-27 07:00:00,364.03728335786934
2012-04-27 08:00:00,662.3252270464728
2012-04-27 09:00:00,325.85693608983263
2012-04-27 10:00:00,209.27859807295715
2012-04-27 11:00:00,231.55084504908433
2012-04-27 12:00:00,318.8261387429881
2012-04-27 13:00:00,317.87442856656213
2012-04-27 14:00:00,283.55305069884656
2012-04-27 15:00:00,338.59238558239196
2012-04-27 16:00:00,474.1835747187194
2012-04-27 17:00:00,759.9547246845885
2012-04-27 18:00:00,696.8193449485046
2012-04-27 19:00:00,444.5755723825836
2012-04-27 20:00:00,330.12158120956195
2012-04-27 21:00:00,221.769737691165
2012-04-27 22:00:00,184.1299911416832
2012-04-27 23:00:00,119.73265568881443
2012-04-28 00:00:00,91.86573314262081
2012-04-28 01:00:00,64.00653751174794
2012-04-28 02:00:00,55.52090019978913
2012-04-28 03:00:00,21.409235316954096
2012-04-28 04:00:00,7.890783897547632
2012-04-28 05:00:00,9.390096234517642
2012-04-28 06:00:00,23.50417862641039
2012-04-28 07:00:00,59.565727057247265
2012-04-28 08:00:00,164.0449848311104
2012-04-28 09:00:00,257.62811656211045
2012-04-28 10:00:00,326.3329084485888
2012-04-28 11:00:00,408.85772181132813
2012-04-28 12:00:00,442.6660035125226
2012-04-28 13:00:00,445.0045148100294
2012-04-28 14:00:00,509.2607963093677
2012-04-28 15:00:00,500.379625429632
2012-04-28 16:00:00,441.8165821824825
2012-04-28 17:00:00,420.81701500217673
2012-04-28 18:00:00,199.99025080691737
2012-04-28 19:00:00,161.60576096485616
2012-04-28 20:00:00,192.42419374492596
2012-04-28 21:00:00,86.27508804348568
2012-04-28 22:00:00,154.3800987536701
2012-04-28 23:00:00,129.6453038447018
2012-04-29 00:00:00,69.54827624217107
2012-04-29 01:00:00,77.26257939003678
2012-04-29 02:00:00,53.39112093494258
2012-04-29 03:00:00,22.589237116263277
2012-04-29 04:00:00,8.248237637421903
2012-04-29 05:00:00,9.924828869642315
2012-04-29 06:00:00,20.186863779419486
2012-04-29 07:00:00,47.92250725082765
2012-04-29 08:00:00,141.80357072040118
2012-04-29 09:00:00,229.5855239561098
2012-04-29 10:00:00,342.76627710511616
2012-04-29 11:00:00,469.8142175361242
2012-04-29 12:00:00,570.7732652672585
2012-04-29 13:00:00,576.620044300517
2012-04-29 14:00:00,628.032943405195
2012-04-29 15:00:00,651.0435835626868
2012-04-29 16:00:00,595.4840151480984
2012-04-29 17:00:00,494.7828236235972
2012-04-29 18:00:00,424.2585051332216
2012-04-29 19:00:00,362.91295240647133
2012-04-29 20:00:00,273.6972083779017
2012-04-29 21:00:00,204.13549311773315
2012-04-29 22:00:00,142.0629798000388
2012-04-29 23:00:00,92.32671710960689
2012-04-30 00:00:00,31.589169149946287
2012-04-30 01:00:00,13.625372558396815
2012-04-30 02:00:00,8.046444653317947
2012-04-30 03:00:00,3.874009787966813
2012-04-30 04:00:00,4.636401065992913
2012-04-30 05:00:00,25.79544695074363
2012-04-30 06:00:00,141.8263483394417
2012-04-30 07:00:00,400.00945384622025
2012-04-30 08:00:00,675.9701130027568
2012-04-30 09:00:00,323.64565018051167
2012-04-30 10:00:00,183.06174297942098
2012-04-30 11:00:00,205.33610579312167
2012-04-30 12:00:00,253.08066980082518
2012-04-30 13:00:00,268.4053363424568
2012-04-30 14:00:00,247.17776865505502
2012-04-30 15:00:00,296.27297262900197
2012-04-30 16:00:00,424.5298350337317
2012-04-30 17:00:00,790.2696938973639
2012-04-30 18:00:00,735.5640704748869
2012-04-30 19:00:00,515.1184856146384
2012-04-30 20:00:00,349.2712132319257
2012-04-30 21:00:00,262.86308757648186
2012-04-30 22:00:00,171.5253997897951
2012-04-30 23:00:00,100.01658025614704
2012-05-20 00:00:00,179.2393079293638
2012-05-20 01:00:00,137.2529962879565
2012-05-20 02:00:00,107.17453352488818
2012-05-20 03:00:00,47.89209208436515
2012-05-20 04:00:00,13.559552295579522
2012-05-20 05:00:00,14.146518198054686
2012-05-20 06:00:00,23.577542575325527
2012-05-20 07:00:00,60.68238534494368
2012-05-20 08:00:00,149.98341126820887
2012-05-20 09:00:00,253.482463889443
2012-05-20 10:00:00,403.88208652539873
2012-05-20 11:00:00,508.1130472752253
2012-05-20 12:00:00,590.9741530970716
2012-05-20 13:00:00,586.7909072534875
2012-05-20 14:00:00,574.5903988726858
2012-05-20 15:00:00,584.0039478736585
2012-05-20 16:00:00,559.7938886708563
2012-05-20 17:00:00,492.9610175319256
2012-05-20 18:00:00,420.8554343559406
2012-05-20 19:00:00,375.79445151416644
2012-05-20 20:00:00,291.8628626239787
2012-05-20 21:00:00,201.87666268290198
2012-05-20 22:00:00,156.23642851628028
2012-05-20 23:00:00,72.55336105058971
2012-05-21 00:00:00,20.5846087868205
2012-05-21 01:00:00,8.999265533256038
2012-05-21 02:00:00,7.7107301159460295
2012-05-21 03:00:00,3.3671435533805596
2012-05-21 04:00:00,3.9922722590426516
2012-05-21 05:00:00,16.958412030724578
2012-05-21 06:00:00,68.56401531580727
2012-05-21 07:00:00,193.48972715435642
2012-05-21 08:00:00,274.96769776455903
2012-05-21 09:00:00,133.99429558363178
2012-05-21 10:00:00,70.02176712131899
2012-05-21 11:00:00,150.57356671463435
2012-05-21 12:00:00,179.39350347510072
2012-05-21 13:00:00,98.15723993252836
2012-05-21 14:00:00,91.28865856483404
2012-05-21 15:00:00,242.10710329116947
2012-05-21 16:00:00,371.1975852514566
2012-05-21 17:00:00,731.5501774840044
2012-05-21 18:00:00,712.2341554214673
2012-05-21 19:00:00,532.7933739491206
2012-05-21 20:00:00,351.3677176170319
2012-05-21 21:00:00,261.74629912852987
2012-05-21 22:00:00,153.84089250317209
2012-05-21 23:00:00,90.18228476605766
2012-05-22 00:00:00,37.66953996671552
2012-05-22 01:00:00,15.267342231935565
2012-05-22 02:00:00,7.592652409380612
2012-05-22 03:00:00,4.577942755874928
2012-05-22 04:00:00,4.773034115851593
2012-05-22 05:00:00,16.53175691625688
2012-05-22 06:00:00,71.28252319270169
2012-05-22 07:00:00,192.41408278983258
2012-05-22 08:00:00,599.4173762096214
2012-05-22 09:00:00,295.9540647780813
2012-05-22 10:00:00,183.72535866284028
2012-05-22 11:00:00,184.29472284290196
2012-05-22 12:00:00,229.76420819319404
2012-05-22 13:00:00,254.80961671571032
2012-05-22 14:00:00,237.53215596920936
2012-05-22 15:00:00,281.83058835623126
2012-05-22 16:00:00,442.19736606061707
2012-05-22 17:00:00,807.6366347833997
2012-05-22 18:00:00,845.3911402910298
2012-05-22 19:00:00,561.9281558131688
2012-05-22 20:00:00,374.31505764106225
2012-05-22 21:00:00,264.50654057878154
2012-05-22 22:00:00,222.1377481497417
2012-05-22 23:00:00,120.75221740527343
2012-05-23 00:00:00,50.81535532520864
2012-05-23 01:00:00,19.053668191325798
2012-05-23 02:00:00,8.456402436069592
2012-05-23 03:00:00,6.983254192086366
2012-05-23 04:00:00,3.457712831356384
2012-05-23 05:00:00,16.904546637534732
2012-05-23 06:00:00,167.55258544294136
2012-05-23 07:00:00,462.817219341489
2012-05-23 08:00:00,712.8507397986097
2012-05-23 09:00:00,346.6719017622136
2012-05-23 10:00:00,197.23062669853303
2012-05-23 11:00:00,217.79817888087058
2012-05-23 12:00:00,285.6888876719085
2012-05-23 13:00:00,286.0989500896971
2012-05-23 14:00:00,263.1327734219467
2012-05-23 15:00:00,268.9956131545787
2012-05-23 16:00:00,238.47700302064382
2012-05-23 17:00:00,451.419743656859
2012-05-23 18:00:00,427.8660045565623
2012-05-23 19:00:00,410.9579301232628
2012-05-23 20:00:00,299.6287787106896
2012-05-23 21:00:00,213.28080544439672
2012-05-23 22:00:00,171.63083534146045
2012-05-23 23:00:00,126.72755387249666
2012-05-24 00:00:00,58.696324616102864
2012-05-24 01:00:00,24.863984068465452
2012-05-24 02:00:00,12.071860674617854
2012-05-24 03:00:00,5.554983131209128
2012-05-24 04:00:00,5.7573914164736735
2012-05-24 05:00:00,35.22598770225521
2012-05-24 06:00:00,152.34811659038076
2012-05-24 07:00:00,490.48130501858833
2012-05-24 08:00:00,784.5457899877387
2012-05-24 09:00:00,365.89579204620634
2012-05-24 10:00:00,195.29290004711956
2012-05-24 11:00:00,248.64662991342308
2012-05-24 12:00:00,308.85803745601015
2012-05-24 13:00:00,304.8482122730873
2012-05-24 14:00:00,280.797218607712
2012-05-24 15:00:00,292.48081617782066
2012-05-24 16:00:00,416.25777275474945
2012-05-24 17:00:00,793.5129422334802
2012-05-24 18:00:00,781.1952291516026
2012-05-24 19:00:00,556.8533441702508
2012-05-24 20:00:00,394.22620172875537
2012-05-24 21:00:00,181.83608980005656
2012-05-24 22:00:00,212.14176995277467
2012-05-24 23:00:00,160.5402543091659
2012-05-25 00:00:00,83.29215691601149
2012-05-25 01:00:00,35.905772060550326
2012-05-25 02:00:00,15.217909849339756
2012-05-25 03:00:00,7.651210315469091
2012-05-25 04:00:00,5.725579736323447
2012-05-25 05:00:00,33.69693665694801
2012-05-25 06:00:00,147.97440698227578
2012-05-25 07:00:00,349.47405195694125
2012-05-25 08:00:00,608.4437733758684
2012-05-25 09:00:00,295.2377779156257
2012-05-25 10:00:00,232.9046830398658
2012-05-25 11:00:00,241.86494474869372
2012-05-25 12:00:00,347.3133582671632
2012-05-25 13:00:00,351.8783955203975
2012-05-25 14:00:00,324.33407106062003
2012-05-25 15:00:00,342.04354989449405
2012-05-25 16:00:00,486.8434177614509
2012-05-25 17:00:00,751.9790938990751
2012-05-25 18:00:00,746.3200846915107
2012-05-25 19:00:00,543.9781927341754
2012-05-25 20:00:00,422.4015871046672
2012-05-25 21:00:00,318.67489356053386
2012-05-25 22:00:00,271.6019999424191
2012-05-25 23:00:00,181.3528315267634
2012-05-26 00:00:00,163.4425685713662
2012-05-26 01:00:00,127.36715117463592
2012-05-26 02:00:00,96.6548213695583
2012-05-26 03:00:00,42.21979742937804
2012-05-26 04:00:00,12.282325917734621
2012-05-26 05:00:00,13.264301968530138
2012-05-26 06:00:00,33.524995057178465
2012-05-26 07:00:00,73.47578596779545
2012-05-26 08:00:00,214.78216234855068
2012-05-26 09:00:00,320.8477850839092
2012-05-26 10:00:00,459.0083844432993
2012-05-26 11:00:00,535.3925801657819
2012-05-26 12:00:00,580.8342625055411
2012-05-26 13:00:00,581.9001748349418
2012-05-26 14:00:00,591.0558127945205
2012-05-26 15:00:00,574.4769971379044
2012-05-26 16:00:00,575.1344062283508
2012-05-26 17:00:00,530.7791793460588
2012-05-26 18:00:00,481.87160155192475
2012-05-26 19:00:00,385.9952265275823
2012-05-26 20:00:00,318.1651631751901
2012-05-26 21:00:00,254.44691886573816
2012-05-26 22:00:00,242.22841480805803
2012-05-26 23:00:00,195.39137937139915
2012-05-27 00:00:00,185.8536605941796
2012-05-27 01:00:00,142.14062546719242
2012-05-27 02:00:00,107.21007857575503
2012-05-27 03:00:00,48.62416990878668
2012-05-27 04:00:00,13.403647646073834
2012-05-27 05:00:00,14.622158584688734
2012-05-27 06:00:00,25.904175463513212
2012-05-27 07:00:00,60.97284137603838
2012-05-27 08:00:00,141.43380273130518
2012-05-27 09:00:00,246.10080499669112
2012-05-27 10:00:00,408.71284818578124
2012-05-27 11:00:00,470.20108727790375
2012-05-27 12:00:00,515.9577549020956
2012-05-27 13:00:00,546.8355085089461
2012-05-27 14:00:00,548.2504458212154
2012-05-27 15:00:00,522.2787577839068
2012-05-27 16:00:00,522.2882770109292
2012-05-27 17:00:00,460.76921098205037
2012-05-27 18:00:00,418.9810105574193
2012-05-27 19:00:00,348.0871487830995
2012-05-27 20:00:00,282.990049108795
2012-05-27 21:00:00,156.61725842945913
2012-05-27 22:00:00,101.33048462576784
2012-05-27 23:00:00,75.1162006503285
2012-05-28 00:00:00,75.23530094950914
2012-05-28 01:00:00,49.743275838526316
2012-05-28 02:00:00,32.87392112686276
2012-05-28 03:00:00,13.65849519902437
2012-05-28 04:00:00,8.358268583958516
2012-05-28 05:00:00,14.492380196948424
2012-05-28 06:00:00,36.66131288484276
2012-05-28 07:00:00,115.08532419713416
2012-05-28 08:00:00,160.9128378955302
2012-05-28 09:00:00,212.93634805199193
2012-05-28 10:00:00,241.98973407026227
2012-05-28 11:00:00,314.33629531426726
2012-05-28 12:00:00,347.2524593711033
2012-05-28 13:00:00,324.0390008295949
2012-05-28 14:00:00,392.8959175314856
2012-05-28 15:00:00,393.15803574534846
2012-05-28 16:00:00,402.9805671176756
2012-05-28 17:00:00,461.55683108745694
2012-05-28 18:00:00,449.46485556777986
2012-05-28 19:00:00,407.471796305443
2012-05-28 20:00:00,293.3634268373028
2012-05-28 21:00:00,224.24619163028663
2012-05-28 22:00:00,189.70713310595136
2012-05-28 23:00:00,102.72833404952426
2012-05-29 00:00:00,38.68560441135025
2012-05-29 01:00:00,16.9232136182765
2012-05-29 02:00:00,9.146482265434349
2012-05-29 03:00:00,5.093826320156413
2012-05-29 04:00:00,6.214494483964613
2012-05-29 05:00:00,35.861227721501066
2012-05-29 06:00:00,154.77234571396252
2012-05-29 07:00:00,415.83128717199986
2012-05-29 08:00:00,719.3579615680655
2012-05-29 09:00:00,336.8167688441151
2012-05-29 10:00:00,177.52518961309013
2012-05-29 11:00:00,220.71288251227108
2012-05-29 12:00:00,259.5189852492647
2012-05-29 13:00:00,262.38300856317346
2012-05-29 14:00:00,238.12936494000851
2012-05-29 15:00:00,254.84337646030656
2012-05-29 16:00:00,392.94013259681304
2012-05-29 17:00:00,806.521756853505
2012-05-29 18:00:00,746.6488300969089
2012-05-29 19:00:00,564.3532663071021
2012-05-29 20:00:00,294.72894412471175
2012-05-29 21:00:00,107.79611010129125
2012-05-29 22:00:00,157.91855719619883
2012-05-29 23:00:00,59.88853796864349
2012-05-30 00:00:00,28.44798320689666
2012-05-30 01:00:00,12.283294396506404
2012-05-30 02:00:00,6.638356216442066
2012-05-30 03:00:00,3.6798597271621327
2012-05-30 04:00:00,4.9811808111411064
2012-05-30 05:00:00,41.13878788452948
2012-05-30 06:00:00,171.93815452748757
2012-05-30 07:00:00,296.4168211194711
2012-05-30 08:00:00,733.3304716179974
2012-05-30 09:00:00,341.8226512721276
2012-05-30 10:00:00,171.97592817899044
2012-05-30 11:00:00,227.3813659829327
2012-05-30 12:00:00,286.1867972250029
2012-05-30 13:00:00,276.4969841895108
2012-05-30 14:00:00,272.3279582599515
2012-05-30 15:00:00,288.59400544226463
2012-05-30 16:00:00,411.4078065137542
2012-05-30 17:00:00,811.7559662499605
2012-05-30 18:00:00,757.0780957501572
2012-05-30 19:00:00,569.2685568200146
2012-05-30 20:00:00,372.8249355493269
2012-05-30 21:00:00,325.1202553541667
2012-05-30 22:00:00,250.8752100201346
2012-05-30 23:00:00,138.98394120102833
2012-05-31 00:00:00,62.58610188879653
2012-05-31 01:00:00,27.096731687232253
2012-05-31 02:00:00,13.337104270339037
2012-05-31 03:00:00,6.943225925394997
2012-05-31 04:00:00,7.0562884270349056
2012-05-31 05:00:00,41.37815978197561
2012-05-31 06:00:00,181.98257183110343
2012-05-31 07:00:00,490.2673066953123
2012-05-31 08:00:00,765.1607101491127
2012-05-31 09:00:00,393.66636719546784
2012-05-31 10:00:00,212.21590567222833
2012-05-31 11:00:00,245.16483775990474
2012-05-31 12:00:00,321.29232947598916
2012-05-31 13:00:00,317.8688503137765
2012-05-31 14:00:00,293.6178752281196
2012-05-31 15:00:00,302.50207867714533
2012-05-31 16:00:00,431.282993298107
2012-05-31 17:00:00,873.9950238611247
2012-05-31 18:00:00,808.1907156725138
2012-05-31 19:00:00,580.857334235216
2012-05-31 20:00:00,458.5259727943883
2012-05-31 21:00:00,337.69519934401484
2012-05-31 22:00:00,265.97919601369813
2012-05-31 23:00:00,182.97590078662827
2012-06-20 00:00:00,44.01405341243761
2012-06-20 01:00:00,18.31619307092698
2012-06-20 02:00:00,9.532164699440367
2012-06-20 03:00:00,6.32571114324004
2012-06-20 04:00:00,7.03466406049211
2012-06-20 05:00:00,48.24288654674999
2012-06-20 06:00:00,156.4716385717419
2012-06-20 07:00:00,437.67210130620765
2012-06-20 08:00:00,824.7037317894489
2012-06-20 09:00:00,387.2444189492136
2012-06-20 10:00:00,199.97005138485684
2012-06-20 11:00:00,212.36601462915377
2012-06-20 12:00:00,261.7647440706966
2012-06-20 13:00:00,267.7954565902498
2012-06-20 14:00:00,250.12323188434044
2012-06-20 15:00:00,258.71919789549196
2012-06-20 16:00:00,394.84739167791344
2012-06-20 17:00:00,781.379900794045
2012-06-20 18:00:00,739.6636605488989
2012-06-20 19:00:00,553.8986457374234
2012-06-20 20:00:00,438.3366273833921
2012-06-20 21:00:00,332.1269196240188
2012-06-20 22:00:00,267.76802212678035
2012-06-20 23:00:00,147.78375146807744
2012-06-21 00:00:00,53.32917193650047
2012-06-21 01:00:00,22.127944311743857
2012-06-21 02:00:00,10.251097762377887
2012-06-21 03:00:00,5.642815586382652
2012-06-21 04:00:00,8.639942951483171
2012-06-21 05:00:00,49.369875038974115
2012-06-21 06:00:00,178.39021352405072
2012-06-21 07:00:00,486.7434937342008
2012-06-21 08:00:00,782.4754836001403
2012-06-21 09:00:00,391.4585426455443
2012-06-21 10:00:00,209.1139643002088
2012-06-21 11:00:00,254.88645741038613
2012-06-21 12:00:00,306.06526962690117
2012-06-21 13:00:00,288.0707378278553
2012-06-21 14:00:00,277.6708670249934
2012-06-21 15:00:00,282.7061775695692
2012-06-21 16:00:00,433.5678671275244
2012-06-21 17:00:00,818.1402505143461
2012-06-21 18:00:00,825.0543599933861
2012-06-21 19:00:00,583.4494989243269
2012-06-21 20:00:00,441.7414899148026
2012-06-21 21:00:00,358.99479846481626
2012-06-21 22:00:00,279.4420347193648
2012-06-21 23:00:00,190.02117372564763
2012-06-22 00:00:00,80.66501471665883
2012-06-22 01:00:00,34.33126295801092
2012-06-22 02:00:00,14.326319840674408
2012-06-22 03:00:00,7.588829998602937
2012-06-22 04:00:00,8.540132075450085
2012-06-22 05:00:00,50.83366415065441
2012-06-22 06:00:00,188.17780083217534
2012-06-22 07:00:00,484.9171438579572
2012-06-22 08:00:00,793.2490767207821
2012-06-22 09:00:00,397.06068878211926
2012-06-22 10:00:00,250.33797012693847
2012-06-22 11:00:00,302.7847433549395
2012-06-22 12:00:00,360.474347565181
2012-06-22 13:00:00,355.1261563234738
2012-06-22 14:00:00,324.0361285550105
2012-06-22 15:00:00,328.80587768797665
2012-06-22 16:00:00,515.9534094659429
2012-06-22 17:00:00,908.0488245179322
2012-06-22 18:00:00,840.393919782514
2012-06-22 19:00:00,571.869692774653
2012-06-22 20:00:00,442.2297733720435
2012-06-22 21:00:00,255.35834117585352
2012-06-22 22:00:00,313.5143444244465
2012-06-22 23:00:00,202.07072410817347
2012-06-23 00:00:00,136.72548019051908
2012-06-23 01:00:00,120.5536092786826
2012-06-23 02:00:00,68.3857303212357
2012-06-23 03:00:00,32.64278035521953
2012-06-23 04:00:00,13.63383796339642
2012-06-23 05:00:00,13.769913046658615
2012-06-23 06:00:00,38.575961363631905
2012-06-23 07:00:00,87.93118706379914
2012-06-23 08:00:00,218.74924556923003
2012-06-23 09:00:00,351.472936151777
2012-06-23 10:00:00,492.19177566944353
2012-06-23 11:00:00,655.4516346115099
2012-06-23 12:00:00,705.7908179975445
2012-06-23 13:00:00,721.5779841743921
2012-06-23 14:00:00,738.0103651783218
2012-06-23 15:00:00,649.7724343610316
2012-06-23 16:00:00,618.8207567888469
2012-06-23 17:00:00,597.7814539557376
2012-06-23 18:00:00,506.6114313160121
2012-06-23 19:00:00,433.0464413149186
2012-06-23 20:00:00,384.00311072832
2012-06-23 21:00:00,324.82298814923115
2012-06-23 22:00:00,310.88796035088615
2012-06-23 23:00:00,246.26417073893103
2012-06-24 00:00:00,156.87440213569235
2012-06-24 01:00:00,127.60239025074853
2012-06-24 02:00:00,94.4108486674019
2012-06-24 03:00:00,44.45264353935302
2012-06-24 04:00:00,17.37252623002541
2012-06-24 05:00:00,18.165128148953197
2012-06-24 06:00:00,27.48808948641796
2012-06-24 07:00:00,67.70183740032381
2012-06-24 08:00:00,146.66471366873014
2012-06-24 09:00:00,258.3352912097852
2012-06-24 10:00:00,444.8973065953856
2012-06-24 11:00:00,604.5965732207592
2012-06-24 12:00:00,648.8139268913392
2012-06-24 13:00:00,629.4694741185058
2012-06-24 14:00:00,604.4307072652468
2012-06-24 15:00:00,616.3870066620719
2012-06-24 16:00:00,611.3629045482585
2012-06-24 17:00:00,551.441279574059
2012-06-24 18:00:00,496.47718168002103
2012-06-24 19:00:00,401.7146688584329
2012-06-24 20:00:00,321.5889539419186
2012-06-24 21:00:00,256.9249353783017
2012-06-24 22:00:00,205.15102921427115
2012-06-24 23:00:00,129.84492056569178
2012-06-25 00:00:00,40.20179027480173
2012-06-25 01:00:00,16.44329679995913
2012-06-25 02:00:00,9.050581719040983
2012-06-25 03:00:00,4.840451142470957
2012-06-25 04:00:00,9.040124245717733
2012-06-25 05:00:00,50.47798722125092
2012-06-25 06:00:00,186.4495573831656
2012-06-25 07:00:00,500.4678691556172
2012-06-25 08:00:00,735.0621096361874
2012-06-25 09:00:00,371.10828204308905
2012-06-25 10:00:00,216.0361334850057
2012-06-25 11:00:00,251.97852952513298
2012-06-25 12:00:00,330.5809572556572
2012-06-25 13:00:00,313.6063443641836
2012-06-25 14:00:00,292.31129350001936
2012-06-25 15:00:00,328.5891855201739
2012-06-25 16:00:00,517.2939795255796
2012-06-25 17:00:00,959.9770892757338
2012-06-25 18:00:00,897.741074358937
2012-06-25 19:00:00,656.1756522162221
2012-06-25 20:00:00,444.80235579111127
2012-06-25 21:00:00,348.8268782521417
2012-06-25 22:00:00,224.72549070099026
2012-06-25 23:00:00,127.32705075628044
2012-06-26 00:00:00,41.09557721605299
2012-06-26 01:00:00,17.458887499324323
2012-06-26 02:00:00,8.08185698429947
2012-06-26 03:00:00,5.044084201387097
2012-06-26 04:00:00,9.464150828211588
2012-06-26 05:00:00,51.28596969156672
2012-06-26 06:00:00,192.47239682419234
2012-06-26 07:00:00,522.0379550062886
2012-06-26 08:00:00,788.1313451843502
2012-06-26 09:00:00,392.66031283314993
2012-06-26 10:00:00,229.28692821215571
2012-06-26 11:00:00,269.90315913548096
2012-06-26 12:00:00,345.49778781755464
2012-06-26 13:00:00,336.96670715133564
2012-06-26 14:00:00,297.7926469455851
2012-06-26 15:00:00,335.8824148944291
2012-06-26 16:00:00,536.6425948244679
2012-06-26 17:00:00,1024.1068344722198
2012-06-26 18:00:00,982.8470511549115
2012-06-26 19:00:00,718.8043409712355
2012-06-26 20:00:00,476.0468580977802
2012-06-26 21:00:00,381.63450023097846
2012-06-26 22:00:00,310.2738241992677
2012-06-26 23:00:00,156.56884301942537
2012-06-27 00:00:00,51.83482435017049
2012-06-27 01:00:00,20.50184626763081
2012-06-27 02:00:00,8.931308166384074
2012-06-27 03:00:00,6.624191171567295
2012-06-27 04:00:00,8.749380338166986
2012-06-27 05:00:00,56.989833618715934
2012-06-27 06:00:00,214.53526056279918
2012-06-27 07:00:00,615.4574387632514
2012-06-27 08:00:00,885.5972185121883
2012-06-27 09:00:00,465.7528267801478
2012-06-27 10:00:00,262.36307919026643
2012-06-27 11:00:00,290.23230487242256
2012-06-27 12:00:00,361.4282057125141
2012-06-27 13:00:00,348.9421673968566
2012-06-27 14:00:00,327.3125613386397
2012-06-27 15:00:00,340.9647624833094
2012-06-27 16:00:00,505.0005598558946
2012-06-27 17:00:00,997.3326798068418
2012-06-27 18:00:00,935.3446235170044
2012-06-27 19:00:00,685.6594064930731
2012-06-27 20:00:00,541.1946544528611
2012-06-27 21:00:00,409.1036772592263
2012-06-27 22:00:00,322.3862557068147
2012-06-27 23:00:00,175.73215309904128
2012-06-28 00:00:00,58.33350533562624
2012-06-28 01:00:00,24.049315230873496
2012-06-28 02:00:00,11.705851371399893
2012-06-28 03:00:00,6.178384569720297
2012-06-28 04:00:00,9.08585124983605
2012-06-28 05:00:00,51.635102305056535
2012-06-28 06:00:00,204.31279391440705
2012-06-28 07:00:00,538.3721300350749
2012-06-28 08:00:00,853.5811365319765
2012-06-28 09:00:00,415.37842981597004
2012-06-28 10:00:00,237.38751389491145
2012-06-28 11:00:00,274.1754431869264
2012-06-28 12:00:00,335.27096054567266
2012-06-28 13:00:00,330.16842579076877
2012-06-28 14:00:00,286.046231127739
2012-06-28 15:00:00,311.19686791259016
2012-06-28 16:00:00,472.5201539140767
2012-06-28 17:00:00,911.6865922740066
2012-06-28 18:00:00,879.4847891868743
2012-06-28 19:00:00,621.7669876516621
2012-06-28 20:00:00,487.4252773330499
2012-06-28 21:00:00,374.0252791104685
2012-06-28 22:00:00,299.47538038367566
2012-06-28 23:00:00,204.76934584227325
2012-06-29 00:00:00,84.492804713912
2012-06-29 01:00:00,34.97210774933215
2012-06-29 02:00:00,16.683732841808244
2012-06-29 03:00:00,8.84382526548405
2012-06-29 04:00:00,9.712248170584855
2012-06-29 05:00:00,54.624262825475576
2012-06-29 06:00:00,212.3705019746616
2012-06-29 07:00:00,493.9490233076141
2012-06-29 08:00:00,855.9513174616701
2012-06-29 09:00:00,403.2082948318276
2012-06-29 10:00:00,236.23546904763214
2012-06-29 11:00:00,263.5688534398471
2012-06-29 12:00:00,324.2065664277614
2012-06-29 13:00:00,297.2205721167879
2012-06-29 14:00:00,203.23230110769225
2012-06-29 15:00:00,214.51104553738648
2012-06-29 16:00:00,318.05237003212847
2012-06-29 17:00:00,494.0805600111179
2012-06-29 18:00:00,596.7925534878783
2012-06-29 19:00:00,500.58370986894704
2012-06-29 20:00:00,373.0526818949704
2012-06-29 21:00:00,314.6894409356945
2012-06-29 22:00:00,217.06481496850864
2012-06-29 23:00:00,147.81433855088045
2012-06-30 00:00:00,93.86440234740479
2012-06-30 01:00:00,66.86777032278324
2012-06-30 02:00:00,67.72866685053063
2012-06-30 03:00:00,30.675148608730154
2012-06-30 04:00:00,11.971562587740072
2012-06-30 05:00:00,15.870141798924928
2012-06-30 06:00:00,37.8155043629903
2012-06-30 07:00:00,86.26435103480131
2012-06-30 08:00:00,203.9338032291665
2012-06-30 09:00:00,343.81146593009106
2012-06-30 10:00:00,445.9095624768949
2012-06-30 11:00:00,580.982000881192
2012-06-30 12:00:00,660.3546190480905
2012-06-30 13:00:00,653.5960933624467
2012-06-30 14:00:00,653.7904248577597
2012-06-30 15:00:00,657.7215452313704
2012-06-30 16:00:00,623.0511005961479
2012-06-30 17:00:00,619.273619295837
2012-06-30 18:00:00,503.46387986520307
2012-06-30 19:00:00,456.13721671197777
2012-06-30 20:00:00,377.3406579856118
2012-06-30 21:00:00,303.44827888113656
2012-06-30 22:00:00,295.2000059226171
2012-06-30 23:00:00,229.8141547723475
2012-07-20 00:00:00,44.761205246919225
2012-07-20 01:00:00,34.44101123794431
2012-07-20 02:00:00,14.464089017956809
2012-07-20 03:00:00,7.542318983900882
2012-07-20 04:00:00,5.767264597668088
2012-07-20 05:00:00,31.318607400835955
2012-07-20 06:00:00,133.47420613219157
2012-07-20 07:00:00,306.5612480709522
2012-07-20 08:00:00,641.9804956123801
2012-07-20 09:00:00,327.80239425393734
2012-07-20 10:00:00,215.68640694279557
2012-07-20 11:00:00,162.46723220144864
2012-07-20 12:00:00,143.53256790824923
2012-07-20 13:00:00,135.00111044410923
2012-07-20 14:00:00,126.20473426958526
2012-07-20 15:00:00,225.10253845771402
2012-07-20 16:00:00,313.0057493891914
2012-07-20 17:00:00,438.70176850342256
2012-07-20 18:00:00,616.5181739274242
2012-07-20 19:00:00,345.4010715940716
2012-07-20 20:00:00,138.41792812555295
2012-07-20 21:00:00,109.43098546020681
2012-07-20 22:00:00,174.7056395453024
2012-07-20 23:00:00,131.40938822384
2012-07-21 00:00:00,74.22550201226993
2012-07-21 01:00:00,88.49771536857266
2012-07-21 02:00:00,36.11200764718324
2012-07-21 03:00:00,17.66018355746666
2012-07-21 04:00:00,5.358045299758135
2012-07-21 05:00:00,4.9188565454026625
2012-07-21 06:00:00,12.902801825095885
2012-07-21 07:00:00,55.23479804422543
2012-07-21 08:00:00,136.47077309803115
2012-07-21 09:00:00,238.91370240425942
2012-07-21 10:00:00,168.80119974383499
2012-07-21 11:00:00,369.611120450066
2012-07-21 12:00:00,227.9145055717415
2012-07-21 13:00:00,254.9639318065399
2012-07-21 14:00:00,380.9501337771936
2012-07-21 15:00:00,207.21358638745238
2012-07-21 16:00:00,209.81631854668905
2012-07-21 17:00:00,219.97208853541872
2012-07-21 18:00:00,325.96166311422667
2012-07-21 19:00:00,285.89239698330175
2012-07-21 20:00:00,146.97288829212988
2012-07-21 21:00:00,192.96094601554196
2012-07-21 22:00:00,186.8037757242834
2012-07-21 23:00:00,163.65889656630108
2012-07-22 00:00:00,119.68735217682365
2012-07-22 01:00:00,91.48541196360404
2012-07-22 02:00:00,68.76051475811167
2012-07-22 03:00:00,32.6935056041231
2012-07-22 04:00:00,10.807373881014067
2012-07-22 05:00:00,11.274036949979692
2012-07-22 06:00:00,19.721789197203783
2012-07-22 07:00:00,45.13149246201811
2012-07-22 08:00:00,119.94886072009623
2012-07-22 09:00:00,230.8584582875061
2012-07-22 10:00:00,385.5837402108904
2012-07-22 11:00:00,486.42004795864085
2012-07-22 12:00:00,524.6777766921692
2012-07-22 13:00:00,515.0438352991378
2012-07-22 14:00:00,542.4434672722547
2012-07-22 15:00:00,527.9995081980112
2012-07-22 16:00:00,521.0974096378085
2012-07-22 17:00:00,456.7408692616069
2012-07-22 18:00:00,418.55195017396574
2012-07-22 19:00:00,367.94081886462374
2012-07-22 20:00:00,310.99018481556897
2012-07-22 21:00:00,208.2102840463411
2012-07-22 22:00:00,178.24379427372645
2012-07-22 23:00:00,126.76522744144211
2012-07-23 00:00:00,40.67247911524359
2012-07-23 01:00:00,16.13933899733506
2012-07-23 02:00:00,10.56640162581101
2012-07-23 03:00:00,4.219332611988022
2012-07-23 04:00:00,5.0492740824659155
2012-07-23 05:00:00,25.37970663576692
2012-07-23 06:00:00,131.681176462747
2012-07-23 07:00:00,381.03985984563155
2012-07-23 08:00:00,587.4539528063494
2012-07-23 09:00:00,317.1909784699553
2012-07-23 10:00:00,169.51746887994838
2012-07-23 11:00:00,209.21558055567408
2012-07-23 12:00:00,264.11630979954106
2012-07-23 13:00:00,258.19219749796474
2012-07-23 14:00:00,223.47414162970202
2012-07-23 15:00:00,268.9304414167838
2012-07-23 16:00:00,415.3695519553197
2012-07-23 17:00:00,761.4146733382005
2012-07-23 18:00:00,745.4064550100401
2012-07-23 19:00:00,540.6476422194887
2012-07-23 20:00:00,405.67109409587937
2012-07-23 21:00:00,318.13965529534767
2012-07-23 22:00:00,204.08404522940288
2012-07-23 23:00:00,114.39983600783339
2012-07-24 00:00:00,50.238748885115655
2012-07-24 01:00:00,20.999634083682704
2012-07-24 02:00:00,9.820196999799325
2012-07-24 03:00:00,5.268315388627669
2012-07-24 04:00:00,6.557249970123894
2012-07-24 05:00:00,36.25581240204649
2012-07-24 06:00:00,154.22883846993903
2012-07-24 07:00:00,451.25762358920815
2012-07-24 08:00:00,616.9608336468214
2012-07-24 09:00:00,295.688962768102
2012-07-24 10:00:00,166.64177578582715
2012-07-24 11:00:00,193.71409752829283
2012-07-24 12:00:00,241.51352815113702
2012-07-24 13:00:00,223.7545247378078
2012-07-24 14:00:00,207.75395977133007
2012-07-24 15:00:00,241.45532471191902
2012-07-24 16:00:00,387.3086987573829
2012-07-24 17:00:00,740.9572862806838
2012-07-24 18:00:00,775.4562039514725
2012-07-24 19:00:00,570.5117317621914
2012-07-24 20:00:00,394.5698323443379
2012-07-24 21:00:00,311.53783783326816
2012-07-24 22:00:00,243.7125046330875
2012-07-24 23:00:00,135.39661960874545
2012-07-25 00:00:00,50.940490370780346
2012-07-25 01:00:00,20.68928534510214
2012-07-25 02:00:00,9.970418227232669
2012-07-25 03:00:00,7.039638892191585
2012-07-25 04:00:00,5.712202166558538
2012-07-25 05:00:00,37.38875589076961
2012-07-25 06:00:00,161.32213064804705
2012-07-25 07:00:00,483.860797460121
2012-07-25 08:00:00,747.8553857449026
2012-07-25 09:00:00,369.2995418332304
2012-07-25 10:00:00,196.5142731884186
2012-07-25 11:00:00,221.71899996037067
2012-07-25 12:00:00,284.1218556797686
2012-07-25 13:00:00,293.45920512339865
2012-07-25 14:00:00,261.5695692414766
2012-07-25 15:00:00,291.0577446850594
2012-07-25 16:00:00,408.4036996459702
2012-07-25 17:00:00,786.8962061297242
2012-07-25 18:00:00,793.1007537592386
2012-07-25 19:00:00,576.9034639699605
2012-07-25 20:00:00,477.0859624236292
2012-07-25 21:00:00,343.38298935414434
2012-07-25 22:00:00,271.1918926011942
2012-07-25 23:00:00,150.77927847005373
2012-07-26 00:00:00,62.44001238599607
2012-07-26 01:00:00,27.251900658459565
2012-07-26 02:00:00,12.485541554269417
2012-07-26 03:00:00,6.6841794921705615
2012-07-26 04:00:00,6.8305827827481895
2012-07-26 05:00:00,39.28166175155142
2012-07-26 06:00:00,170.03991387353096
2012-07-26 07:00:00,440.68997649854015
2012-07-26 08:00:00,658.7785432524854
2012-07-26 09:00:00,354.73864757686084
2012-07-26 10:00:00,180.01798457812356
2012-07-26 11:00:00,203.47805546807754
2012-07-26 12:00:00,247.64621758908729
2012-07-26 13:00:00,233.5403949184453
2012-07-26 14:00:00,203.70655163456576
2012-07-26 15:00:00,211.13866354623357
2012-07-26 16:00:00,289.96315492545585
2012-07-26 17:00:00,643.618986412124
2012-07-26 18:00:00,619.1438400867938
2012-07-26 19:00:00,460.78780333541505
2012-07-26 20:00:00,378.5984742789853
2012-07-26 21:00:00,304.67996613370025
2012-07-26 22:00:00,242.6051317868117
2012-07-26 23:00:00,178.93390003485544
2012-07-27 00:00:00,87.41242855883716
2012-07-27 01:00:00,38.181767078322814
2012-07-27 02:00:00,17.171693780851015
2012-07-27 03:00:00,9.682372916001627
2012-07-27 04:00:00,6.3443158408912534
2012-07-27 05:00:00,35.15574256049503
2012-07-27 06:00:00,150.11933069866524
2012-07-27 07:00:00,375.0109862247999
2012-07-27 08:00:00,643.4499526805977
2012-07-27 09:00:00,321.01743947156285
2012-07-27 10:00:00,208.672045360952
2012-07-27 11:00:00,245.85940764358145
2012-07-27 12:00:00,286.96554331001136
2012-07-27 13:00:00,296.22859973664356
2012-07-27 14:00:00,256.9526357578184
2012-07-27 15:00:00,287.4092713703997
2012-07-27 16:00:00,444.26441614170216
2012-07-27 17:00:00,680.1871491209502
2012-07-27 18:00:00,706.7743842236397
2012-07-27 19:00:00,518.0817364607738
2012-07-27 20:00:00,411.7903920273257
2012-07-27 21:00:00,326.08109635325695
2012-07-27 22:00:00,255.17623485321914
2012-07-27 23:00:00,173.97280556766066
2012-07-28 00:00:00,149.93737180066339
2012-07-28 01:00:00,113.76685058176587
2012-07-28 02:00:00,78.94043210787623
2012-07-28 03:00:00,35.65137694945197
2012-07-28 04:00:00,10.885211177575053
2012-07-28 05:00:00,13.085636341697331
2012-07-28 06:00:00,31.84788040034327
2012-07-28 07:00:00,72.56283507908921
2012-07-28 08:00:00,164.00866739611027
2012-07-28 09:00:00,270.5579807243358
2012-07-28 10:00:00,384.6088375780497
2012-07-28 11:00:00,502.148803294953
2012-07-28 12:00:00,565.2316918000954
2012-07-28 13:00:00,521.6640776827339
2012-07-28 14:00:00,553.0476260198226
2012-07-28 15:00:00,528.3309643413705
2012-07-28 16:00:00,551.5870689997204
2012-07-28 17:00:00,541.085083896406
2012-07-28 18:00:00,470.4079522838576
2012-07-28 19:00:00,395.135756449057
2012-07-28 20:00:00,321.12118159889036
2012-07-28 21:00:00,289.5224586805637
2012-07-28 22:00:00,273.3906677655277
2012-07-28 23:00:00,232.8096244047944
2012-07-29 00:00:00,149.46109775695857
2012-07-29 01:00:00,121.74008938738056
2012-07-29 02:00:00,97.73164682089813
2012-07-29 03:00:00,41.816676857348554
2012-07-29 04:00:00,12.167977524404199
2012-07-29 05:00:00,12.488759273925563
2012-07-29 06:00:00,22.919954240849133
2012-07-29 07:00:00,52.876977541009346
2012-07-29 08:00:00,120.70524377402116
2012-07-29 09:00:00,213.65980508616767
2012-07-29 10:00:00,350.45444001858215
2012-07-29 11:00:00,452.31372958638894
2012-07-29 12:00:00,504.5592828812023
2012-07-29 13:00:00,505.3961171801797
2012-07-29 14:00:00,520.1540726668121
2012-07-29 15:00:00,524.0274358661921
2012-07-29 16:00:00,524.7152507767612
2012-07-29 17:00:00,458.7690372537467
2012-07-29 18:00:00,408.21964979271206
2012-07-29 19:00:00,353.16068013711134
2012-07-29 20:00:00,291.4556494873895
2012-07-29 21:00:00,242.98608832259555
2012-07-29 22:00:00,187.7760744719898
2012-07-29 23:00:00,117.3070690126488
2012-07-30 00:00:00,46.734171811003904
2012-07-30 01:00:00,19.14649278051894
2012-07-30 02:00:00,11.33107849131721
2012-07-30 03:00:00,5.312795251794864
2012-07-30 04:00:00,6.34486100009297
2012-07-30 05:00:00,35.43063958964779
2012-07-30 06:00:00,142.725132378073
2012-07-30 07:00:00,379.25661304841293
2012-07-30 08:00:00,640.8600272647585
2012-07-30 09:00:00,302.8779415497135
2012-07-30 10:00:00,176.37892405530116
2012-07-30 11:00:00,204.71293517802297
2012-07-30 12:00:00,263.49683436743254
2012-07-30 13:00:00,251.6641314445393
2012-07-30 14:00:00,232.5242161112165
2012-07-30 15:00:00,264.61177251661104
2012-07-30 16:00:00,410.5575683269043
2012-07-30 17:00:00,763.4977833441668
2012-07-30 18:00:00,758.6800450344074
2012-07-30 19:00:00,542.7738067654162
2012-07-30 20:00:00,398.7151295640186
2012-07-30 21:00:00,301.1081665823348
2012-07-30 22:00:00,183.33411166640394
2012-07-30 23:00:00,114.18216401428009
2012-07-31 00:00:00,48.97743919996444
2012-07-31 01:00:00,20.260974455302584
2012-07-31 02:00:00,9.677662929337417
2012-07-31 03:00:00,5.269106912282914
2012-07-31 04:00:00,6.351815940011995
2012-07-31 05:00:00,35.99288033140055
2012-07-31 06:00:00,136.3743682175414
2012-07-31 07:00:00,396.9052627846094
2012-07-31 08:00:00,621.2897735916663
2012-07-31 09:00:00,327.320048967377
2012-07-31 10:00:00,174.33236339862577
2012-07-31 11:00:00,205.97248378886377
2012-07-31 12:00:00,257.3172680644644
2012-07-31 13:00:00,242.33790025019314
2012-07-31 14:00:00,220.29881904643852
2012-07-31 15:00:00,250.84944500222562
2012-07-31 16:00:00,396.55084108530923
2012-07-31 17:00:00,753.3609739871279
2012-07-31 18:00:00,765.6540035267894
2012-07-31 19:00:00,470.19023793190286
2012-07-31 20:00:00,262.2947864958523
2012-07-31 21:00:00,260.7412140914989
2012-07-31 22:00:00,252.68141238790005
2012-07-31 23:00:00,119.24359443802169
2012-08-20 00:00:00,30.96162741430757
2012-08-20 01:00:00,14.846566501320334
2012-08-20 02:00:00,8.461590341120436
2012-08-20 03:00:00,4.1802223947922945
2012-08-20 04:00:00,5.723656756524166
2012-08-20 05:00:00,28.35826545596377
2012-08-20 06:00:00,128.87545676908223
2012-08-20 07:00:00,362.59573750688406
2012-08-20 08:00:00,542.7797323521849
2012-08-20 09:00:00,302.4229415692678
2012-08-20 10:00:00,181.79005187533897
2012-08-20 11:00:00,230.4223316829573
2012-08-20 12:00:00,290.15592582128465
2012-08-20 13:00:00,289.6999776318948
2012-08-20 14:00:00,266.0498741698248
2012-08-20 15:00:00,299.09069598257605
2012-08-20 16:00:00,465.88204088509787
2012-08-20 17:00:00,817.1080244339014
2012-08-20 18:00:00,556.4596230045081
2012-08-20 19:00:00,402.01163758503503
2012-08-20 20:00:00,234.16398506312137
2012-08-20 21:00:00,205.2006755708408
2012-08-20 22:00:00,118.09535967182485
2012-08-20 23:00:00,79.30851143911721
2012-08-21 00:00:00,33.54326425858845
2012-08-21 01:00:00,14.640441626023316
2012-08-21 02:00:00,5.9632713532262365
2012-08-21 03:00:00,4.522483394633872
2012-08-21 04:00:00,6.569640419512725
2012-08-21 05:00:00,37.694822037100316
2012-08-21 06:00:00,144.75808231545707
2012-08-21 07:00:00,421.59181922089016
2012-08-21 08:00:00,634.590569679174
2012-08-21 09:00:00,320.31401218079804
2012-08-21 10:00:00,204.20738835810295
2012-08-21 11:00:00,241.56222333957538
2012-08-21 12:00:00,299.3238603717511
2012-08-21 13:00:00,292.81746814475514
2012-08-21 14:00:00,279.88158120881457
2012-08-21 15:00:00,295.28051051689897
2012-08-21 16:00:00,454.7640851555329
2012-08-21 17:00:00,849.109210615911
2012-08-21 18:00:00,868.7036349561763
2012-08-21 19:00:00,401.1751150121424
2012-08-21 20:00:00,392.19680477245737
2012-08-21 21:00:00,304.8216374277096
2012-08-21 22:00:00,199.0308962674513
2012-08-21 23:00:00,110.75006501784124
2012-08-22 00:00:00,46.127752992891956
2012-08-22 01:00:00,19.77069069435016
2012-08-22 02:00:00,9.260015235208789
2012-08-22 03:00:00,6.473412378711667
2012-08-22 04:00:00,6.48541463448592
2012-08-22 05:00:00,42.00799989671031
2012-08-22 06:00:00,154.98823240401668
2012-08-22 07:00:00,448.05872061065156
2012-08-22 08:00:00,716.458961753267
2012-08-22 09:00:00,374.62689059201057
2012-08-22 10:00:00,206.65327192969002
2012-08-22 11:00:00,248.57439707879095
2012-08-22 12:00:00,308.5079530567575
2012-08-22 13:00:00,307.43213768497833
2012-08-22 14:00:00,290.4027161215014
2012-08-22 15:00:00,303.1026912620532
2012-08-22 16:00:00,277.3975513404707
2012-08-22 17:00:00,623.486259288611
2012-08-22 18:00:00,577.3554522014921
2012-08-22 19:00:00,564.4730121694802
2012-08-22 20:00:00,423.879274012588
2012-08-22 21:00:00,316.4281515598408
2012-08-22 22:00:00,247.61602152760653
2012-08-22 23:00:00,120.17663411257699
2012-08-23 00:00:00,57.670604506001546
2012-08-23 01:00:00,22.747128928998414
2012-08-23 02:00:00,10.816985365918658
2012-08-23 03:00:00,5.845757635252924
2012-08-23 04:00:00,6.864029697692218
2012-08-23 05:00:00,37.84002070544973
2012-08-23 06:00:00,125.82748426462956
2012-08-23 07:00:00,358.9998610988843
2012-08-23 08:00:00,721.4637627822407
2012-08-23 09:00:00,341.98169208380165
2012-08-23 10:00:00,204.07640024555982
2012-08-23 11:00:00,251.50099984004248
2012-08-23 12:00:00,313.8240408224534
2012-08-23 13:00:00,305.2348934702896
2012-08-23 14:00:00,269.8721672484309
2012-08-23 15:00:00,295.5407888803861
2012-08-23 16:00:00,434.59853031437177
2012-08-23 17:00:00,863.2794860217502
2012-08-23 18:00:00,801.323161172576
2012-08-23 19:00:00,582.5652484264084
2012-08-23 20:00:00,443.9753471322997
2012-08-23 21:00:00,342.8396615842683
2012-08-23 22:00:00,267.45328378263974
2012-08-23 23:00:00,166.3629312590045
2012-08-24 00:00:00,88.66935576546172
2012-08-24 01:00:00,35.85814344341664
2012-08-24 02:00:00,18.257206274219314
2012-08-24 03:00:00,9.065161158037679
2012-08-24 04:00:00,7.7908881765587195
2012-08-24 05:00:00,40.14902494884633
2012-08-24 06:00:00,121.85990742358223
2012-08-24 07:00:00,347.33143298365934
2012-08-24 08:00:00,689.9568714750764
2012-08-24 09:00:00,354.677497321824
2012-08-24 10:00:00,234.51113871307044
2012-08-24 11:00:00,292.1016072450512
2012-08-24 12:00:00,366.6226637669222
2012-08-24 13:00:00,341.1441186419854
2012-08-24 14:00:00,320.72680552539737
2012-08-24 15:00:00,339.8094919225889
2012-08-24 16:00:00,488.639163599186
2012-08-24 17:00:00,790.6155369956548
2012-08-24 18:00:00,761.2050865052561
2012-08-24 19:00:00,555.5396242154706
2012-08-24 20:00:00,408.8758967194418
2012-08-24 21:00:00,322.4667936504433
2012-08-24 22:00:00,252.23381648791144
2012-08-24 23:00:00,180.53958229391932
2012-08-25 00:00:00,150.13119414575806
2012-08-25 01:00:00,115.61879950797297
2012-08-25 02:00:00,91.10138756840149
2012-08-25 03:00:00,40.63501038694747
2012-08-25 04:00:00,13.293079922619269
2012-08-25 05:00:00,13.555017895223262
2012-08-25 06:00:00,27.868257760972515
2012-08-25 07:00:00,62.20398060035069
2012-08-25 08:00:00,178.4652857346574
2012-08-25 09:00:00,302.4658067391733
2012-08-25 10:00:00,387.10836131341716
2012-08-25 11:00:00,500.70146520791036
2012-08-25 12:00:00,474.3599144495045
2012-08-25 13:00:00,572.6901069232379
2012-08-25 14:00:00,477.0339763061882
2012-08-25 15:00:00,531.4367032007935
2012-08-25 16:00:00,551.3247507436504
2012-08-25 17:00:00,523.9321938162426
2012-08-25 18:00:00,476.8488863442049
2012-08-25 19:00:00,294.93492440748406
2012-08-25 20:00:00,152.4322673270253
2012-08-25 21:00:00,179.83671012307957
2012-08-25 22:00:00,168.99571379300602
2012-08-25 23:00:00,147.9816063848681
2012-08-26 00:00:00,120.42632204816114
2012-08-26 01:00:00,92.93176928949855
2012-08-26 02:00:00,61.33558702705583
2012-08-26 03:00:00,28.928009377405225
2012-08-26 04:00:00,9.120746705875414
2012-08-26 05:00:00,10.726327250985936
2012-08-26 06:00:00,15.815825567743998
2012-08-26 07:00:00,38.95044889950083
2012-08-26 08:00:00,112.96209431074315
2012-08-26 09:00:00,197.19100120396664
2012-08-26 10:00:00,300.52006450127243
2012-08-26 11:00:00,391.36133933773175
2012-08-26 12:00:00,342.0613387307588
2012-08-26 13:00:00,275.9155207002701
2012-08-26 14:00:00,342.34047104899406
2012-08-26 15:00:00,179.82073422052738
2012-08-26 16:00:00,184.32416542401813
2012-08-26 17:00:00,295.123847135076
2012-08-26 18:00:00,238.97006694703856
2012-08-26 19:00:00,201.90087318390908
2012-08-26 20:00:00,178.41301618983303
2012-08-26 21:00:00,145.68011105208066
2012-08-26 22:00:00,105.2404496009852
2012-08-26 23:00:00,80.5871945524692
2012-08-27 00:00:00,29.836213741397643
2012-08-27 01:00:00,12.929048828344246
2012-08-27 02:00:00,7.1936955456569605
2012-08-27 03:00:00,3.6836818137285543
2012-08-27 04:00:00,5.621374841773879
2012-08-27 05:00:00,27.074851678707972
2012-08-27 06:00:00,107.85449649130852
2012-08-27 07:00:00,341.37628074972355
2012-08-27 08:00:00,546.536409797617
2012-08-27 09:00:00,274.3887294714043
2012-08-27 10:00:00,165.13045025545725
2012-08-27 11:00:00,199.09409158585268
2012-08-27 12:00:00,253.52420749577925
2012-08-27 13:00:00,252.12102983945178
2012-08-27 14:00:00,225.79184914345976
2012-08-27 15:00:00,245.0191774889321
2012-08-27 16:00:00,403.4888250714195
2012-08-27 17:00:00,758.0530922700852
2012-08-27 18:00:00,711.255715737704
2012-08-27 19:00:00,494.02576683991134
2012-08-27 20:00:00,339.39989448471346
2012-08-27 21:00:00,262.988043773034
2012-08-27 22:00:00,144.13254171000696
2012-08-27 23:00:00,97.04182469442199
2012-08-28 00:00:00,36.768607819095514
2012-08-28 01:00:00,15.850609913172052
2012-08-28 02:00:00,7.835591526873135
2012-08-28 03:00:00,4.422801149672317
2012-08-28 04:00:00,7.218906680160583
2012-08-28 05:00:00,35.59383233280453
2012-08-28 06:00:00,114.34919859008849
2012-08-28 07:00:00,368.0636856545509
2012-08-28 08:00:00,564.4413039666443
2012-08-28 09:00:00,291.7525364743306
2012-08-28 10:00:00,178.50703223886944
2012-08-28 11:00:00,207.7401553812773
2012-08-28 12:00:00,248.12908309480656
2012-08-28 13:00:00,253.23728105550538
2012-08-28 14:00:00,222.00977231322642
2012-08-28 15:00:00,251.1551753311386
2012-08-28 16:00:00,396.5581840876154
2012-08-28 17:00:00,747.9006669643097
2012-08-28 18:00:00,724.904284143842
2012-08-28 19:00:00,548.1136139992876
2012-08-28 20:00:00,379.58775682790395
2012-08-28 21:00:00,296.21454675698806
2012-08-28 22:00:00,236.97803930073513
2012-08-28 23:00:00,132.57196839934
2012-08-29 00:00:00,47.961135825365396
2012-08-29 01:00:00,18.780141091715866
2012-08-29 02:00:00,8.163150887894886
2012-08-29 03:00:00,5.724781431217798
2012-08-29 04:00:00,5.872443095035465
2012-08-29 05:00:00,36.161080781842045
2012-08-29 06:00:00,140.5177299914255
2012-08-29 07:00:00,428.9322715472682
2012-08-29 08:00:00,695.4778334771202
2012-08-29 09:00:00,338.3640218204065
2012-08-29 10:00:00,187.0741703091524
2012-08-29 11:00:00,227.91545972848638
2012-08-29 12:00:00,290.20871909660565
2012-08-29 13:00:00,276.89729474519936
2012-08-29 14:00:00,261.9382980515539
2012-08-29 15:00:00,287.45557797280463
2012-08-29 16:00:00,419.5799025220159
2012-08-29 17:00:00,814.2225456123865
2012-08-29 18:00:00,766.8200837407226
2012-08-29 19:00:00,547.378742986276
2012-08-29 20:00:00,413.3958682771979
2012-08-29 21:00:00,314.7435581848193
2012-08-29 22:00:00,242.6712695641792
2012-08-29 23:00:00,136.5830967562174
2012-08-30 00:00:00,54.52226320478431
2012-08-30 01:00:00,24.062618449323203
2012-08-30 02:00:00,10.599777105625456
2012-08-30 03:00:00,5.710375434045109
2012-08-30 04:00:00,6.835725839479339
2012-08-30 05:00:00,37.524932711102544
2012-08-30 06:00:00,140.36266367712798
2012-08-30 07:00:00,408.6600424429103
2012-08-30 08:00:00,636.3934348818635
2012-08-30 09:00:00,322.2865759247533
2012-08-30 10:00:00,185.62345331604985
2012-08-30 11:00:00,237.8687932778991
2012-08-30 12:00:00,300.9381393997531
2012-08-30 13:00:00,283.98669520075435
2012-08-30 14:00:00,259.0425069956025
2012-08-30 15:00:00,272.2627136211253
2012-08-30 16:00:00,393.81301182642727
2012-08-30 17:00:00,768.8016883186456
2012-08-30 18:00:00,754.770306424911
2012-08-30 19:00:00,543.4005651432719
2012-08-30 20:00:00,409.9847189605291
2012-08-30 21:00:00,308.9143660391872
2012-08-30 22:00:00,240.63221442945533
2012-08-30 23:00:00,166.95678488953953
2012-08-31 00:00:00,81.32414452959729
2012-08-31 01:00:00,35.267583652460345
2012-08-31 02:00:00,14.452531343088214
2012-08-31 03:00:00,7.409114761087263
2012-08-31 04:00:00,6.271017661981131
2012-08-31 05:00:00,32.61127980913332
2012-08-31 06:00:00,110.60739959327506
2012-08-31 07:00:00,266.3803988973157
2012-08-31 08:00:00,626.1023278156586
2012-08-31 09:00:00,307.38033288788074
2012-08-31 10:00:00,215.36782273982692
2012-08-31 11:00:00,256.33945701380225
2012-08-31 12:00:00,328.156412863419
2012-08-31 13:00:00,306.40306964151443
2012-08-31 14:00:00,285.4485323116364
2012-08-31 15:00:00,288.6006017673868
2012-08-31 16:00:00,427.65353810737656
2012-08-31 17:00:00,704.6812288345589
2012-08-31 18:00:00,688.4355998718828
2012-08-31 19:00:00,485.7537017856795
2012-08-31 20:00:00,373.7156705792146
2012-08-31 21:00:00,306.70410380954274
2012-08-31 22:00:00,247.64152427675765
2012-08-31 23:00:00,173.22080177953205
2012-09-20 00:00:00,50.62670491975985
2012-09-20 01:00:00,22.624943270999186
2012-09-20 02:00:00,11.118658314885066
2012-09-20 03:00:00,6.67904791859466
2012-09-20 04:00:00,8.572536985243337
2012-09-20 05:00:00,46.977147925856336
2012-09-20 06:00:00,168.08501902853303
2012-09-20 07:00:00,493.8987565857822
2012-09-20 08:00:00,750.133715792829
2012-09-20 09:00:00,387.76670000082754
2012-09-20 10:00:00,217.42099726018895
2012-09-20 11:00:00,251.96098277646934
2012-09-20 12:00:00,333.47496638489037
2012-09-20 13:00:00,327.5565620067652
2012-09-20 14:00:00,285.79047162921415
2012-09-20 15:00:00,328.95685756675124
2012-09-20 16:00:00,460.0681803140414
2012-09-20 17:00:00,884.4774121448929
2012-09-20 18:00:00,842.6247337345922
2012-09-20 19:00:00,559.4372156240546
2012-09-20 20:00:00,419.46646566095114
2012-09-20 21:00:00,316.34164485171146
2012-09-20 22:00:00,260.36610785434016
2012-09-20 23:00:00,169.61835654353493
2012-09-21 00:00:00,75.97928219600146
2012-09-21 01:00:00,34.081347364053386
2012-09-21 02:00:00,15.731196334255412
2012-09-21 03:00:00,10.553165697045483
2012-09-21 04:00:00,8.784261765915083
2012-09-21 05:00:00,42.980228104973705
2012-09-21 06:00:00,185.4839075211737
2012-09-21 07:00:00,477.8847603020299
2012-09-21 08:00:00,823.7847035986248
2012-09-21 09:00:00,383.207917122486
2012-09-21 10:00:00,254.74943137105674
2012-09-21 11:00:00,316.93749742179494
2012-09-21 12:00:00,394.8385430809119
2012-09-21 13:00:00,381.59698565646937
2012-09-21 14:00:00,340.7821889616765
2012-09-21 15:00:00,376.36594314328244
2012-09-21 16:00:00,544.8172792279873
2012-09-21 17:00:00,885.9385678888806
2012-09-21 18:00:00,867.7712122999749
2012-09-21 19:00:00,577.315853364965
2012-09-21 20:00:00,426.8684598011448
2012-09-21 21:00:00,307.63392955507646
2012-09-21 22:00:00,249.07996743632373
2012-09-21 23:00:00,166.0989586438247
2012-09-22 00:00:00,151.05382376686245
2012-09-22 01:00:00,111.65484802381971
2012-09-22 02:00:00,83.9516922682823
2012-09-22 03:00:00,38.65437798711888
2012-09-22 04:00:00,12.92530444010006
2012-09-22 05:00:00,12.815740862306154
2012-09-22 06:00:00,32.0671442981816
2012-09-22 07:00:00,80.51442212930928
2012-09-22 08:00:00,183.66662529213386
2012-09-22 09:00:00,318.88018534633215
2012-09-22 10:00:00,470.35153232346676
2012-09-22 11:00:00,574.1121251122307
2012-09-22 12:00:00,649.5210139159798
2012-09-22 13:00:00,648.881810442138
2012-09-22 14:00:00,647.8169014396088
2012-09-22 15:00:00,641.6048886702164
2012-09-22 16:00:00,633.514235744644
2012-09-22 17:00:00,585.3703482711732
2012-09-22 18:00:00,532.0651131575457
2012-09-22 19:00:00,450.4646245770026
2012-09-22 20:00:00,353.8781334700954
2012-09-22 21:00:00,288.81775174069594
2012-09-22 22:00:00,277.66270887378744
2012-09-22 23:00:00,211.53692476123737
2012-09-23 00:00:00,187.65952680904707
2012-09-23 01:00:00,134.49202712566407
2012-09-23 02:00:00,99.75982913349293
2012-09-23 03:00:00,44.913784624649274
2012-09-23 04:00:00,14.679678447269307
2012-09-23 05:00:00,14.239398268925836
2012-09-23 06:00:00,20.891620423329684
2012-09-23 07:00:00,59.378889445886834
2012-09-23 08:00:00,141.81633145082006
2012-09-23 09:00:00,240.16869029220373
2012-09-23 10:00:00,449.09998579501377
2012-09-23 11:00:00,558.6260887982239
2012-09-23 12:00:00,617.9940620307825
2012-09-23 13:00:00,689.2269667718688
2012-09-23 14:00:00,707.19136905305
2012-09-23 15:00:00,700.4198432184727
2012-09-23 16:00:00,663.5568042851249
2012-09-23 17:00:00,553.7220473756717
2012-09-23 18:00:00,453.5121834105571
2012-09-23 19:00:00,360.6390914965984
2012-09-23 20:00:00,283.4427010871442
2012-09-23 21:00:00,201.29034631442582
2012-09-23 22:00:00,162.06567827955857
2012-09-23 23:00:00,92.64118725675402
2012-09-24 00:00:00,39.94400074757571
2012-09-24 01:00:00,16.358189467214757
2012-09-24 02:00:00,8.073380352631412
2012-09-24 03:00:00,6.698986001192859
2012-09-24 04:00:00,10.245844609693116
2012-09-24 05:00:00,45.45532930447123
2012-09-24 06:00:00,188.85177970422438
2012-09-24 07:00:00,555.9180421840174
2012-09-24 08:00:00,844.3965683282995
2012-09-24 09:00:00,411.758865009852
2012-09-24 10:00:00,231.9145128694857
2012-09-24 11:00:00,268.680682274498
2012-09-24 12:00:00,331.1206540044654
2012-09-24 13:00:00,341.1135075792303
2012-09-24 14:00:00,317.9196624947138
2012-09-24 15:00:00,348.2218432168014
2012-09-24 16:00:00,521.2446971909858
2012-09-24 17:00:00,913.7473332810364
2012-09-24 18:00:00,837.9327773548928
2012-09-24 19:00:00,591.5032423833555
2012-09-24 20:00:00,414.4847830144264
2012-09-24 21:00:00,301.46225918969725
2012-09-24 22:00:00,191.06846442330772
2012-09-24 23:00:00,117.48769300174762
2012-09-25 00:00:00,34.14361147703302
2012-09-25 01:00:00,13.939324341883234
2012-09-25 02:00:00,5.9678611641947334
2012-09-25 03:00:00,5.979134001360727
2012-09-25 04:00:00,10.22089901237903
2012-09-25 05:00:00,45.61091557137101
2012-09-25 06:00:00,174.11893067235903
2012-09-25 07:00:00,498.3287481344846
2012-09-25 08:00:00,834.7200722333198
2012-09-25 09:00:00,416.1624851433794
2012-09-25 10:00:00,227.60053278735862
2012-09-25 11:00:00,278.44521261127954
2012-09-25 12:00:00,330.7487417252055
2012-09-25 13:00:00,331.5775744883909
2012-09-25 14:00:00,327.33201030026436
2012-09-25 15:00:00,364.191795204186
2012-09-25 16:00:00,568.3784758076074
2012-09-25 17:00:00,1104.7936598691065
2012-09-25 18:00:00,975.3196999782732
2012-09-25 19:00:00,657.2228325026268
2012-09-25 20:00:00,458.82002202797514
2012-09-25 21:00:00,354.28957630423577
2012-09-25 22:00:00,271.11394624459314
2012-09-25 23:00:00,151.94569458060337
2012-09-26 00:00:00,44.563429827414936
2012-09-26 01:00:00,18.144873799393682
2012-09-26 02:00:00,7.443205362683972
2012-09-26 03:00:00,7.83751469760801
2012-09-26 04:00:00,9.430701494300681
2012-09-26 05:00:00,50.99384811579907
2012-09-26 06:00:00,203.476794207111
2012-09-26 07:00:00,639.7264506132831
2012-09-26 08:00:00,900.3905306078294
2012-09-26 09:00:00,443.83113000384753
2012-09-26 10:00:00,212.06726119646615
2012-09-26 11:00:00,274.37496385786955
2012-09-26 12:00:00,351.2822976935565
2012-09-26 13:00:00,344.4104083778462
2012-09-26 14:00:00,308.0756932023221
2012-09-26 15:00:00,351.36941736926593
2012-09-26 16:00:00,499.35661372779026
2012-09-26 17:00:00,960.7041133367163
2012-09-26 18:00:00,879.36522338633
2012-09-26 19:00:00,639.9650068277905
2012-09-26 20:00:00,462.64484606787045
2012-09-26 21:00:00,352.06199010865845
2012-09-26 22:00:00,170.6622433076668
2012-09-26 23:00:00,130.10679035256902
2012-09-27 00:00:00,60.871611536681186
2012-09-27 01:00:00,26.227759001817223
2012-09-27 02:00:00,11.041503284485673
2012-09-27 03:00:00,8.509295652216089
2012-09-27 04:00:00,12.194237108981422
2012-09-27 05:00:00,50.769857227205215
2012-09-27 06:00:00,205.53968554925828
2012-09-27 07:00:00,610.6454198700774
2012-09-27 08:00:00,990.2317322186623
2012-09-27 09:00:00,455.3438628947474
2012-09-27 10:00:00,247.65467359078943
2012-09-27 11:00:00,288.50051559747874
2012-09-27 12:00:00,360.7493186614927
2012-09-27 13:00:00,334.9482206263577
2012-09-27 14:00:00,335.90794864944036
2012-09-27 15:00:00,347.63524303853
2012-09-27 16:00:00,486.6332320245739
2012-09-27 17:00:00,918.8567740059312
2012-09-27 18:00:00,875.426686533127
2012-09-27 19:00:00,636.1443034394182
2012-09-27 20:00:00,426.1363957740671
2012-09-27 21:00:00,189.8152696623104
2012-09-27 22:00:00,155.44745577156982
2012-09-27 23:00:00,132.8929973675866
2012-09-28 00:00:00,51.30302472444506
2012-09-28 01:00:00,23.452273189469857
2012-09-28 02:00:00,9.616752882412182
2012-09-28 03:00:00,10.055545250715841
2012-09-28 04:00:00,8.920696165420438
2012-09-28 05:00:00,46.90146025574122
2012-09-28 06:00:00,175.61497875467157
2012-09-28 07:00:00,432.7982793146653
2012-09-28 08:00:00,887.8885668429034
2012-09-28 09:00:00,362.8600153474699
2012-09-28 10:00:00,263.2578011519947
2012-09-28 11:00:00,314.55051726492815
2012-09-28 12:00:00,413.19697977688304
2012-09-28 13:00:00,401.97916836756417
2012-09-28 14:00:00,382.34663015602007
2012-09-28 15:00:00,420.28843713912244
2012-09-28 16:00:00,622.6334074015331
2012-09-28 17:00:00,966.312634798482
2012-09-28 18:00:00,823.3447552856389
2012-09-28 19:00:00,531.0138310814547
2012-09-28 20:00:00,449.2317593488036
2012-09-28 21:00:00,362.65518406136056
2012-09-28 22:00:00,251.53818845537202
2012-09-28 23:00:00,176.88474922219564
2012-09-29 00:00:00,163.19717170121874
2012-09-29 01:00:00,124.93691950233331
2012-09-29 02:00:00,82.94202341483152
2012-09-29 03:00:00,43.111838165495776
2012-09-29 04:00:00,14.823735251516265
2012-09-29 05:00:00,13.368909639071752
2012-09-29 06:00:00,33.006797874714294
2012-09-29 07:00:00,76.27768499145608
2012-09-29 08:00:00,185.9879084351487
2012-09-29 09:00:00,327.6884700853095
2012-09-29 10:00:00,486.2274667607013
2012-09-29 11:00:00,599.680565578008
2012-09-29 12:00:00,737.9395889537025
2012-09-29 13:00:00,746.3892295698507
2012-09-29 14:00:00,769.0413843726151
2012-09-29 15:00:00,768.1136275715635
2012-09-29 16:00:00,734.4708235956618
2012-09-29 17:00:00,670.5276811587486
2012-09-29 18:00:00,518.8841087073811
2012-09-29 19:00:00,422.1133435750158
2012-09-29 20:00:00,335.55441420544446
2012-09-29 21:00:00,275.586095670399
2012-09-29 22:00:00,237.5095641479674
2012-09-29 23:00:00,190.29860722496574
2012-09-30 00:00:00,156.92458518912014
2012-09-30 01:00:00,122.10900733556016
2012-09-30 02:00:00,87.45392288863835
2012-09-30 03:00:00,46.60730958835266
2012-09-30 04:00:00,14.48465860731865
2012-09-30 05:00:00,12.908084350737294
2012-09-30 06:00:00,21.43075918724469
2012-09-30 07:00:00,54.57777129185084
2012-09-30 08:00:00,143.88125359065938
2012-09-30 09:00:00,273.3463240410226
2012-09-30 10:00:00,450.2467576613888
2012-09-30 11:00:00,609.0463008942246
2012-09-30 12:00:00,659.716648857028
2012-09-30 13:00:00,694.737243905712
2012-09-30 14:00:00,705.5498487217078
2012-09-30 15:00:00,707.3471739960801
2012-09-30 16:00:00,693.2859427140609
2012-09-30 17:00:00,588.2111235991796
2012-09-30 18:00:00,440.81229599689794
2012-09-30 19:00:00,238.35224034478486
2012-09-30 20:00:00,186.54144332859133
2012-09-30 21:00:00,187.79660454136086
2012-09-30 22:00:00,156.5832044647728
2012-09-30 23:00:00,104.01815114274847
2012-10-20 00:00:00,144.8710035753705
2012-10-20 01:00:00,110.30667666170736
2012-10-20 02:00:00,71.11111186103447
2012-10-20 03:00:00,37.64552751471856
2012-10-20 04:00:00,11.87238092568181
2012-10-20 05:00:00,11.315720422289651
2012-10-20 06:00:00,29.994619647562267
2012-10-20 07:00:00,69.33220966412865
2012-10-20 08:00:00,180.526412081881
2012-10-20 09:00:00,311.1713062061909
2012-10-20 10:00:00,457.7312867192332
2012-10-20 11:00:00,565.1595329479275
2012-10-20 12:00:00,652.5900298284598
2012-10-20 13:00:00,666.3313348968112
2012-10-20 14:00:00,664.6162229297723
2012-10-20 15:00:00,658.7252775365165
2012-10-20 16:00:00,630.9527095915057
2012-10-20 17:00:00,579.5632636494202
2012-10-20 18:00:00,474.0471334127005
2012-10-20 19:00:00,346.96405174588364
2012-10-20 20:00:00,270.1173256753284
2012-10-20 21:00:00,213.08660771565317
2012-10-20 22:00:00,190.1569256311894
2012-10-20 23:00:00,155.8590003730996
2012-10-21 00:00:00,142.30795296398884
2012-10-21 01:00:00,107.39956681219017
2012-10-21 02:00:00,68.06733291747183
2012-10-21 03:00:00,36.585486767765225
2012-10-21 04:00:00,11.906406777855231
2012-10-21 05:00:00,11.723874194871373
2012-10-21 06:00:00,19.903433601898737
2012-10-21 07:00:00,50.03879447081675
2012-10-21 08:00:00,118.26354425773397
2012-10-21 09:00:00,223.09958587986793
2012-10-21 10:00:00,356.2155152216029
2012-10-21 11:00:00,497.2105622730031
2012-10-21 12:00:00,558.6841297810657
2012-10-21 13:00:00,575.4710363003387
2012-10-21 14:00:00,587.2084762562037
2012-10-21 15:00:00,569.9533541917294
2012-10-21 16:00:00,571.2134915741769
2012-10-21 17:00:00,476.77241263342165
2012-10-21 18:00:00,392.47395887735684
2012-10-21 19:00:00,286.8354752391228
2012-10-21 20:00:00,226.48562758309524
2012-10-21 21:00:00,155.59561821159863
2012-10-21 22:00:00,124.2401001078633
2012-10-21 23:00:00,80.20042799401962
2012-10-22 00:00:00,33.60181953616156
2012-10-22 01:00:00,14.623546446592522
2012-10-22 02:00:00,7.1130386676371815
2012-10-22 03:00:00,4.4161224344339844
2012-10-22 04:00:00,7.417446146835344
2012-10-22 05:00:00,35.19266368132017
2012-10-22 06:00:00,149.43236110123158
2012-10-22 07:00:00,418.6711318218712
2012-10-22 08:00:00,612.7671240167559
2012-10-22 09:00:00,347.6324041740744
2012-10-22 10:00:00,191.72819242595176
2012-10-22 11:00:00,235.63810712971792
2012-10-22 12:00:00,298.5712896374449
2012-10-22 13:00:00,312.67389700641553
2012-10-22 14:00:00,285.83745984282336
2012-10-22 15:00:00,337.0343952306912
2012-10-22 16:00:00,508.3266158079536
2012-10-22 17:00:00,871.0907431456972
2012-10-22 18:00:00,717.7884776109909
2012-10-22 19:00:00,520.7645418930542
2012-10-22 20:00:00,346.04285949609437
2012-10-22 21:00:00,259.1961853749587
2012-10-22 22:00:00,143.21025544799488
2012-10-22 23:00:00,95.10389597470112
2012-10-23 00:00:00,33.22166244372371
2012-10-23 01:00:00,16.30879237912195
2012-10-23 02:00:00,5.316294591556947
2012-10-23 03:00:00,4.95718535484647
2012-10-23 04:00:00,8.223607532247271
2012-10-23 05:00:00,39.93116591142384
2012-10-23 06:00:00,148.40372775039438
2012-10-23 07:00:00,434.6970765111972
2012-10-23 08:00:00,653.1787344237052
2012-10-23 09:00:00,317.71067885569096
2012-10-23 10:00:00,199.81502769676803
2012-10-23 11:00:00,251.4462556620734
2012-10-23 12:00:00,302.35159728644095
2012-10-23 13:00:00,298.2121643586849
2012-10-23 14:00:00,304.69943598083955
2012-10-23 15:00:00,334.57206820652436
2012-10-23 16:00:00,525.2271297642527
2012-10-23 17:00:00,975.3229546264077
2012-10-23 18:00:00,880.5555376298436
2012-10-23 19:00:00,601.9959836874369
2012-10-23 20:00:00,378.6854643802218
2012-10-23 21:00:00,284.195515497655
2012-10-23 22:00:00,226.1777224230273
2012-10-23 23:00:00,128.69292998134762
2012-10-24 00:00:00,53.42448461143352
2012-10-24 01:00:00,20.500945188137173
2012-10-24 02:00:00,8.220786890929142
2012-10-24 03:00:00,7.0361687469122325
2012-10-24 04:00:00,8.366416416560773
2012-10-24 05:00:00,38.47463204968536
2012-10-24 06:00:00,165.14693239502108
2012-10-24 07:00:00,447.58489883693346
2012-10-24 08:00:00,714.3148136628058
2012-10-24 09:00:00,386.61324849451796
2012-10-24 10:00:00,191.53922664366738
2012-10-24 11:00:00,246.9491173803034
2012-10-24 12:00:00,334.0969490861416
2012-10-24 13:00:00,343.43330567278906
2012-10-24 14:00:00,356.0755089938204
2012-10-24 15:00:00,368.42448957693523
2012-10-24 16:00:00,516.9377428979479
2012-10-24 17:00:00,948.8603578426836
2012-10-24 18:00:00,862.1478610033953
2012-10-24 19:00:00,579.3617919524336
2012-10-24 20:00:00,412.23115586074033
2012-10-24 21:00:00,307.44859173645426
2012-10-24 22:00:00,239.84404005172598
2012-10-24 23:00:00,121.52455548864543
2012-10-25 00:00:00,57.75761163155145
2012-10-25 01:00:00,24.734250938490796
2012-10-25 02:00:00,10.841740371014208
2012-10-25 03:00:00,5.415448426150786
2012-10-25 04:00:00,7.7833338603880335
2012-10-25 05:00:00,37.873952935109926
2012-10-25 06:00:00,152.85614288325647
2012-10-25 07:00:00,433.5380416431435
2012-10-25 08:00:00,645.7808203966499
2012-10-25 09:00:00,299.6449157220204
2012-10-25 10:00:00,169.80471498186574
2012-10-25 11:00:00,176.5169036824966
2012-10-25 12:00:00,250.0798283771514
2012-10-25 13:00:00,241.9935618225633
2012-10-25 14:00:00,277.017473783944
2012-10-25 15:00:00,305.6724992399126
2012-10-25 16:00:00,422.7230235402618
2012-10-25 17:00:00,789.7639872278324
2012-10-25 18:00:00,611.6205493558782
2012-10-25 19:00:00,400.2303449373218
2012-10-25 20:00:00,269.87679806796973
2012-10-25 21:00:00,205.07280657928408
2012-10-25 22:00:00,167.5662539747265
2012-10-25 23:00:00,130.55821579302767
2012-10-26 00:00:00,77.1080030588672
2012-10-26 01:00:00,28.600674271175155
2012-10-26 02:00:00,11.642989929955652
2012-10-26 03:00:00,7.352596319595691
2012-10-26 04:00:00,7.664120001465934
2012-10-26 05:00:00,36.22848508817626
2012-10-26 06:00:00,151.21704614745815
2012-10-26 07:00:00,375.6201007598675
2012-10-26 08:00:00,600.7171292507117
2012-10-26 09:00:00,287.9500994969199
2012-10-26 10:00:00,191.5480232815256
2012-10-26 11:00:00,234.60295185886002
2012-10-26 12:00:00,301.752698565436
2012-10-26 13:00:00,307.2880897391461
2012-10-26 14:00:00,303.3898132504513
2012-10-26 15:00:00,350.33507829101745
2012-10-26 16:00:00,442.89809081778367
2012-10-26 17:00:00,667.0911811169022
2012-10-26 18:00:00,571.2474360085121
2012-10-26 19:00:00,344.89188052433576
2012-10-26 20:00:00,270.3085960322519
2012-10-26 21:00:00,232.4514648230643
2012-10-26 22:00:00,165.65660015446258
2012-10-26 23:00:00,157.6760460408587
2012-10-27 00:00:00,136.67701563746616
2012-10-27 01:00:00,88.30595896652825
2012-10-27 02:00:00,55.88581958602409
2012-10-27 03:00:00,38.41078202693218
2012-10-27 04:00:00,10.250074026139963
2012-10-27 05:00:00,10.248545459326866
2012-10-27 06:00:00,26.36928190522292
2012-10-27 07:00:00,76.51694822892345
2012-10-27 08:00:00,176.72842850674465
2012-10-27 09:00:00,299.82729888687373
2012-10-27 10:00:00,421.03780877694186
2012-10-27 11:00:00,539.9171250562102
2012-10-27 12:00:00,668.0253361532725
2012-10-27 13:00:00,678.8945231955862
2012-10-27 14:00:00,680.5928377670577
2012-10-27 15:00:00,544.5929968813939
2012-10-27 16:00:00,516.2992762677878
2012-10-27 17:00:00,473.8305309858374
2012-10-27 18:00:00,399.99782638467246
2012-10-27 19:00:00,315.2771082941829
2012-10-27 20:00:00,248.58329727640145
2012-10-27 21:00:00,197.85349400258272
2012-10-27 22:00:00,191.95189729400812
2012-10-27 23:00:00,150.02636268293762
2012-10-28 00:00:00,113.51006990125029
2012-10-28 01:00:00,94.39344977231767
2012-10-28 02:00:00,65.41363399728529
2012-10-28 03:00:00,35.0623400552265
2012-10-28 04:00:00,11.67410530851528
2012-10-28 05:00:00,11.354152139088214
2012-10-28 06:00:00,19.19979215016899
2012-10-28 07:00:00,50.197950941171946
2012-10-28 08:00:00,102.94323631622042
2012-10-28 09:00:00,194.0955950108277
2012-10-28 10:00:00,308.02468167006646
2012-10-28 11:00:00,381.26266834295126
2012-10-28 12:00:00,413.6479692459657
2012-10-28 13:00:00,422.79748810207354
2012-10-28 14:00:00,416.8030904549571
2012-10-28 15:00:00,421.1646846913306
2012-10-28 16:00:00,302.1996667094375
2012-10-28 17:00:00,186.73306018660867
2012-10-28 18:00:00,129.34693272346956
2012-10-28 19:00:00,108.68179482943384
2012-10-28 20:00:00,88.45276336123575
2012-10-28 21:00:00,80.21868179701374
2012-10-28 22:00:00,62.93316286312062
2012-10-28 23:00:00,41.09211643270753
2012-10-29 00:00:00,27.07948307350827
2012-10-30 13:00:00,102.67953460156264
2012-10-30 14:00:00,97.1602848614307
2012-10-30 15:00:00,84.57212474514307
2012-10-30 16:00:00,163.17383124722645
2012-10-30 17:00:00,321.1408398217314
2012-10-30 18:00:00,317.6617989169817
2012-10-30 19:00:00,448.17885114269006
2012-10-30 20:00:00,189.29075134326465
2012-10-30 21:00:00,139.3978964415827
2012-10-30 22:00:00,132.3840228817283
2012-10-30 23:00:00,81.2932148644371
2012-10-31 00:00:00,32.994967279498724
2012-10-31 01:00:00,13.213728571733744
2012-10-31 02:00:00,5.308294562753079
2012-10-31 03:00:00,4.7089801828709135
2012-10-31 04:00:00,4.8049019280254885
2012-10-31 05:00:00,28.218990365298808
2012-10-31 06:00:00,125.01343640269161
2012-10-31 07:00:00,354.54554472639984
2012-10-31 08:00:00,696.9657925282357
2012-10-31 09:00:00,346.0288478179749
2012-10-31 10:00:00,155.42064646315544
2012-10-31 11:00:00,176.172875262722
2012-10-31 12:00:00,255.77440024565226
2012-10-31 13:00:00,261.90602000446137
2012-10-31 14:00:00,215.65980815229793
2012-10-31 15:00:00,258.88498648843967
2012-10-31 16:00:00,336.5545319598526
2012-10-31 17:00:00,618.8723153919876
2012-10-31 18:00:00,562.8900245176991
2012-10-31 19:00:00,391.87270937757893
2012-10-31 20:00:00,280.6927891388416
2012-10-31 21:00:00,207.8606602585636
2012-10-31 22:00:00,180.12299199391003
2012-10-31 23:00:00,102.3890568882597
2012-11-20 00:00:00,27.12690321199041
2012-11-20 01:00:00,11.92005722914267
2012-11-20 02:00:00,4.982938974494877
2012-11-20 03:00:00,4.149188286816718
2012-11-20 04:00:00,6.827438140595251
2012-11-20 05:00:00,33.05804122437294
2012-11-20 06:00:00,130.5204807223827
2012-11-20 07:00:00,443.1078262019198
2012-11-20 08:00:00,683.0399500709331
2012-11-20 09:00:00,303.1360640972235
2012-11-20 10:00:00,165.8833812626374
2012-11-20 11:00:00,192.1511728075587
2012-11-20 12:00:00,224.24247732639665
2012-11-20 13:00:00,226.80111410139557
2012-11-20 14:00:00,205.74137568342934
2012-11-20 15:00:00,245.3197901911373
2012-11-20 16:00:00,349.4583519759308
2012-11-20 17:00:00,627.677498542524
2012-11-20 18:00:00,577.3424760005959
2012-11-20 19:00:00,404.7136350343516
2012-11-20 20:00:00,274.4426241488245
2012-11-20 21:00:00,216.1291838342783
2012-11-20 22:00:00,174.84856396026188
2012-11-20 23:00:00,84.83070665701142
2012-11-21 00:00:00,35.750722004339586
2012-11-21 01:00:00,13.913460772100395
2012-11-21 02:00:00,7.134327387016345
2012-11-21 03:00:00,4.936970773050504
2012-11-21 04:00:00,5.777377975327075
2012-11-21 05:00:00,33.21561247703964
2012-11-21 06:00:00,141.25979509766856
2012-11-21 07:00:00,435.82387001281853
2012-11-21 08:00:00,713.8693844524363
2012-11-21 09:00:00,372.26356318279204
2012-11-21 10:00:00,182.7211632356327
2012-11-21 11:00:00,208.01801318504536
2012-11-21 12:00:00,284.0490976306907
2012-11-21 13:00:00,277.87807039621123
2012-11-21 14:00:00,251.55599030211692
2012-11-21 15:00:00,293.7824415324245
2012-11-21 16:00:00,364.8439659637939
2012-11-21 17:00:00,680.7110846279319
2012-11-21 18:00:00,639.5335868008647
2012-11-21 19:00:00,414.7347402110758
2012-11-21 20:00:00,268.1710463204509
2012-11-21 21:00:00,214.721169452176
2012-11-21 22:00:00,147.57644473748223
2012-11-21 23:00:00,89.27117359856334
2012-11-22 00:00:00,59.34119371740499
2012-11-22 01:00:00,37.60361852690169
2012-11-22 02:00:00,22.705212956315844
2012-11-22 03:00:00,10.283898345211151
2012-11-22 04:00:00,9.015632042830521
2012-11-22 05:00:00,15.804652336680595
2012-11-22 06:00:00,41.49975816243646
2012-11-22 07:00:00,159.04593968020228
2012-11-22 08:00:00,316.84069668462485
2012-11-22 09:00:00,397.9385030001208
2012-11-22 10:00:00,371.42223076127186
2012-11-22 11:00:00,477.61114536020096
2012-11-22 12:00:00,506.3306881409777
2012-11-22 13:00:00,553.7472743460802
2012-11-22 14:00:00,544.7934718148048
2012-11-22 15:00:00,546.4405813488087
2012-11-22 16:00:00,545.6138509989404
2012-11-22 17:00:00,633.8577686707191
2012-11-22 18:00:00,524.0973119153783
2012-11-22 19:00:00,470.95082760106607
2012-11-22 20:00:00,304.8370133443017
2012-11-22 21:00:00,239.28562598430022
2012-11-22 22:00:00,174.51349846351465
2012-11-22 23:00:00,115.36354845806802
2012-11-23 00:00:00,51.60230192712822
2012-11-23 01:00:00,23.41972781174242
2012-11-23 02:00:00,8.830608014620626
2012-11-23 03:00:00,6.225553484320355
2012-11-23 04:00:00,6.502869814352487
2012-11-23 05:00:00,29.74550789857037
2012-11-23 06:00:00,123.87936249642156
2012-11-23 07:00:00,341.1081570022059
2012-11-23 08:00:00,625.8034411794695
2012-11-23 09:00:00,327.40771134217243
2012-11-23 10:00:00,196.03138821468613
2012-11-23 11:00:00,239.24769587603453
2012-11-23 12:00:00,319.0029650464112
2012-11-23 13:00:00,332.456553876686
2012-11-23 14:00:00,298.4286510264848
2012-11-23 15:00:00,327.3258085641196
2012-11-23 16:00:00,439.0244710467597
2012-11-23 17:00:00,700.3870116904329
2012-11-23 18:00:00,589.8657074911017
2012-11-23 19:00:00,417.10317604271995
2012-11-23 20:00:00,344.8895659706117
2012-11-23 21:00:00,252.89524102168656
2012-11-23 22:00:00,166.5894671821776
2012-11-23 23:00:00,124.07009481206916
2012-11-24 00:00:00,111.47901410884623
2012-11-24 01:00:00,71.85933563907878
2012-11-24 02:00:00,38.813056146691096
2012-11-24 03:00:00,26.433819348623675
2012-11-24 04:00:00,6.858619993586951
2012-11-24 05:00:00,7.637776508478895
2012-11-24 06:00:00,17.120736885575305
2012-11-24 07:00:00,47.098088254595254
2012-11-24 08:00:00,107.97543731571344
2012-11-24 09:00:00,180.74077558480639
2012-11-24 10:00:00,258.2665021817379
2012-11-24 11:00:00,353.8436521436663
2012-11-24 12:00:00,299.62908560833444
2012-11-24 13:00:00,450.5111917421804
2012-11-24 14:00:00,394.7639963588662
2012-11-24 15:00:00,391.9234698633783
2012-11-24 16:00:00,380.73390804237
2012-11-24 17:00:00,308.49697535728325
2012-11-24 18:00:00,247.40738227015737
2012-11-24 19:00:00,208.17069871553565
2012-11-24 20:00:00,144.03851331467732
2012-11-24 21:00:00,129.9479352089377
2012-11-24 22:00:00,124.72896904816074
2012-11-24 23:00:00,101.95751161843445
2012-11-25 00:00:00,91.2820537626664
2012-11-25 01:00:00,77.53492034207308
2012-11-25 02:00:00,44.76509281734271
2012-11-25 03:00:00,25.359065235148297
2012-11-25 04:00:00,8.18740485882699
2012-11-25 05:00:00,8.337245528734321
2012-11-25 06:00:00,13.856026362420574
2012-11-25 07:00:00,35.95577016210264
2012-11-25 08:00:00,85.70256305878216
2012-11-25 09:00:00,150.97824049410985
2012-11-25 10:00:00,237.2701824597946
2012-11-25 11:00:00,301.9481718463955
2012-11-25 12:00:00,333.20465710852295
2012-11-25 13:00:00,336.0742455640018
2012-11-25 14:00:00,360.172526958592
2012-11-25 15:00:00,362.47689750327925
2012-11-25 16:00:00,353.48034782304387
2012-11-25 17:00:00,288.3208663987522
2012-11-25 18:00:00,212.07753563050827
2012-11-25 19:00:00,182.43655978295672
2012-11-25 20:00:00,132.70713417977564
2012-11-25 21:00:00,106.9475867338043
2012-11-25 22:00:00,80.67048140033391
2012-11-25 23:00:00,52.5545039581716
2012-11-26 00:00:00,21.78688979691932
2012-11-26 01:00:00,8.87178676328866
2012-11-26 02:00:00,4.852267301460092
2012-11-26 03:00:00,3.3926151610669937
2012-11-26 04:00:00,5.773163586165064
2012-11-26 05:00:00,26.572351337634224
2012-11-26 06:00:00,115.14434006967612
2012-11-26 07:00:00,363.8779578082487
2012-11-26 08:00:00,561.0885201691909
2012-11-26 09:00:00,311.74063224589247
2012-11-26 10:00:00,159.1527980292309
2012-11-26 11:00:00,203.35486514489256
2012-11-26 12:00:00,272.276085625897
2012-11-26 13:00:00,265.3954435407298
2012-11-26 14:00:00,224.1913679282462
2012-11-26 15:00:00,260.4242344279779
2012-11-26 16:00:00,391.26004468866716
2012-11-26 17:00:00,685.672798928746
2012-11-26 18:00:00,538.6789044107509
2012-11-26 19:00:00,386.917694754761
2012-11-26 20:00:00,232.84683856720642
2012-11-26 21:00:00,175.64846650860363
2012-11-26 22:00:00,121.0397082712408
2012-11-26 23:00:00,66.69949233140696
2012-11-27 00:00:00,24.575366345401704
2012-11-27 01:00:00,11.276759910142061
2012-11-27 02:00:00,4.938957069012437
2012-11-27 03:00:00,3.760880211321312
2012-11-27 04:00:00,5.179711543261972
2012-11-27 05:00:00,28.736635930088696
2012-11-27 06:00:00,130.47316786028108
2012-11-27 07:00:00,220.16323946587457
2012-11-27 08:00:00,363.03401560159404
2012-11-27 09:00:00,305.31780775383817
2012-11-27 10:00:00,92.93441500455414
2012-11-27 11:00:00,85.21703726325386
2012-11-27 12:00:00,104.60366110387623
2012-11-27 13:00:00,99.06865358274523
2012-11-27 14:00:00,83.79132002577946
2012-11-27 15:00:00,172.88567063782784
2012-11-27 16:00:00,268.1599824153636
2012-11-27 17:00:00,555.0017041462373
2012-11-27 18:00:00,447.29890511223454
2012-11-27 19:00:00,363.76078288645766
2012-11-27 20:00:00,224.75391280996215
2012-11-27 21:00:00,134.02796555328797
2012-11-27 22:00:00,127.30632788733794
2012-11-27 23:00:00,70.97890982617385
2012-11-28 00:00:00,41.60971344043369
2012-11-28 01:00:00,16.717554149855044
2012-11-28 02:00:00,7.40962900303037
2012-11-28 03:00:00,5.86914164177317
2012-11-28 04:00:00,6.948808166934919
2012-11-28 05:00:00,32.22004532912513
2012-11-28 06:00:00,131.86029258719722
2012-11-28 07:00:00,443.69689854770127
2012-11-28 08:00:00,622.8054691793939
2012-11-28 09:00:00,342.28489480864187
2012-11-28 10:00:00,165.85192784060783
2012-11-28 11:00:00,193.96800969852458
2012-11-28 12:00:00,236.73618706515808
2012-11-28 13:00:00,239.8065363826265
2012-11-28 14:00:00,216.76112882808178
2012-11-28 15:00:00,233.10691247299974
2012-11-28 16:00:00,334.62897587236097
2012-11-28 17:00:00,635.612687138058
2012-11-28 18:00:00,513.6355557059583
2012-11-28 19:00:00,384.6921423857084
2012-11-28 20:00:00,273.97391031826686
2012-11-28 21:00:00,197.28060828116398
2012-11-28 22:00:00,148.71132580589958
2012-11-28 23:00:00,82.9889638592044
2012-11-29 00:00:00,32.31847368807557
2012-11-29 01:00:00,13.010409701002805
2012-11-29 02:00:00,5.683670120176054
2012-11-29 04:00:00,5.961276376931516
2012-11-29 05:00:00,29.6421565360555
2012-11-29 06:00:00,123.76802395537337
2012-11-29 07:00:00,384.55935772693886
2012-11-29 08:00:00,617.0362539770347
2012-11-29 09:00:00,314.8159815517683
2012-11-29 10:00:00,165.14846488371933
2012-11-29 11:00:00,210.02555927647325
2012-11-29 12:00:00,260.4835787932248
2012-11-29 13:00:00,264.89831984820347
2012-11-29 14:00:00,216.43003333669864
2012-11-29 15:00:00,231.60354644852603
2012-11-29 16:00:00,331.3911305455145
2012-11-29 17:00:00,615.5074476732608
2012-11-29 18:00:00,517.7306865210318
2012-11-29 19:00:00,360.398676423286
2012-11-29 20:00:00,256.71555246412777
2012-11-29 21:00:00,184.99104354214415
2012-11-29 22:00:00,151.2668344063868
2012-11-29 23:00:00,105.09653434802455
2012-11-30 00:00:00,46.16183276824267
2012-11-30 01:00:00,20.045806383380228
2012-11-30 02:00:00,8.843601370602412
2012-11-30 03:00:00,6.278693186083973
2012-11-30 04:00:00,6.120863541288387
2012-11-30 05:00:00,28.70189754476605
2012-11-30 06:00:00,122.55395025285176
2012-11-30 07:00:00,337.56957974964587
2012-11-30 08:00:00,616.2861507259921
2012-11-30 09:00:00,331.05346418649293
2012-11-30 10:00:00,177.2387293138233
2012-11-30 11:00:00,217.3979795870778
2012-11-30 12:00:00,285.58274016447024
2012-11-30 13:00:00,282.5106121301457
2012-11-30 14:00:00,255.37619676662638
2012-11-30 15:00:00,286.28276042978047
2012-11-30 16:00:00,411.31358224839676
2012-11-30 17:00:00,586.2106511468604
2012-11-30 18:00:00,493.16829970370134
2012-11-30 19:00:00,338.71082483174695
2012-11-30 20:00:00,242.21676766704473
2012-11-30 21:00:00,197.5113790416381
2012-11-30 22:00:00,156.65800803380841
2012-11-30 23:00:00,105.18140901901046
2012-12-20 00:00:00,44.53950557261961
2012-12-20 01:00:00,18.209058941982924
2012-12-20 02:00:00,8.174083182815062
2012-12-20 03:00:00,4.658605409188919
2012-12-20 04:00:00,6.5408256655515515
2012-12-20 05:00:00,32.6985590042778
2012-12-20 06:00:00,130.6252389169033
2012-12-20 07:00:00,403.95857279592065
2012-12-20 08:00:00,616.4765345702918
2012-12-20 09:00:00,301.8831233534864
2012-12-20 10:00:00,144.32737977495478
2012-12-20 11:00:00,173.60581684274104
2012-12-20 12:00:00,226.04073121514645
2012-12-20 13:00:00,221.76498093056708
2012-12-20 14:00:00,194.88470726346745
2012-12-20 15:00:00,196.67119821690827
2012-12-20 16:00:00,272.90003535267857
2012-12-20 17:00:00,526.6218260339291
2012-12-20 18:00:00,462.4494684990335
2012-12-20 19:00:00,200.59911946421278
2012-12-20 20:00:00,169.8635961123633
2012-12-20 21:00:00,127.95055625027898
2012-12-20 22:00:00,75.12865270256387
2012-12-20 23:00:00,72.45767205949814
2012-12-21 00:00:00,27.232086006834482
2012-12-21 01:00:00,12.172351071303039
2012-12-21 02:00:00,9.537782659483323
2012-12-21 03:00:00,5.299475513014306
2012-12-21 04:00:00,4.435028945813117
2012-12-21 05:00:00,25.21925519358519
2012-12-21 06:00:00,102.42843210634769
2012-12-21 07:00:00,321.48991005623543
2012-12-21 08:00:00,680.8549902757416
2012-12-21 09:00:00,322.5253404396567
2012-12-21 10:00:00,175.18264879906968
2012-12-21 11:00:00,195.3044637387453
2012-12-21 12:00:00,218.86321635082666
2012-12-21 13:00:00,205.62753914711814
2012-12-21 14:00:00,177.29516552217524
2012-12-21 15:00:00,195.87111542962148
2012-12-21 16:00:00,271.61814484815767
2012-12-21 17:00:00,454.412767600498
2012-12-21 18:00:00,413.9409137546509
2012-12-21 19:00:00,285.6348194277916
2012-12-21 20:00:00,199.12258773730687
2012-12-21 21:00:00,147.395969669654
2012-12-21 22:00:00,113.04964595186398
2012-12-21 23:00:00,80.65114151899817
2012-12-22 00:00:00,55.187217961485715
2012-12-22 01:00:00,55.96307801995286
2012-12-22 02:00:00,44.443339464987254
2012-12-22 03:00:00,21.43921620160634
2012-12-22 04:00:00,7.669992689032659
2012-12-22 05:00:00,6.516809321817848
2012-12-22 06:00:00,15.464961145891698
2012-12-22 07:00:00,35.52609146616119
2012-12-22 08:00:00,77.43533015888504
2012-12-22 09:00:00,186.7060521884239
2012-12-22 10:00:00,246.20570363155394
2012-12-22 11:00:00,365.8593051259032
2012-12-22 12:00:00,273.8925917391536
2012-12-22 13:00:00,426.4831594677136
2012-12-22 14:00:00,348.2723204181961
2012-12-22 15:00:00,266.0524152737215
2012-12-22 16:00:00,323.2609268780739
2012-12-22 17:00:00,308.47846932320044
2012-12-22 18:00:00,216.88167539393723
2012-12-22 19:00:00,171.86534260447723
2012-12-22 20:00:00,143.23340243773023
2012-12-22 21:00:00,106.40292913368772
2012-12-22 22:00:00,99.55513196702378
2012-12-22 23:00:00,90.47986624170812
2012-12-23 00:00:00,78.41921791287872
2012-12-23 01:00:00,69.24645911217836
2012-12-23 02:00:00,52.955727643929336
2012-12-23 03:00:00,24.202509989138736
2012-12-23 04:00:00,7.628941768657203
2012-12-23 05:00:00,6.987663840752081
2012-12-23 06:00:00,9.77406608838383
2012-12-23 07:00:00,23.71738503228246
2012-12-23 08:00:00,71.71951463604023
2012-12-23 09:00:00,134.14786600496598
2012-12-23 10:00:00,214.2844231376277
2012-12-23 11:00:00,283.1532662113305
2012-12-23 12:00:00,322.9467609027388
2012-12-23 13:00:00,402.3785952929298
2012-12-23 14:00:00,336.8996942693024
2012-12-23 15:00:00,371.9656917017717
2012-12-23 16:00:00,352.52828863401595
2012-12-23 17:00:00,265.20361298055235
2012-12-23 18:00:00,222.1261699434791
2012-12-23 19:00:00,184.19205579095598
2012-12-23 20:00:00,116.54802969140522
2012-12-23 21:00:00,91.05768227863553
2012-12-23 22:00:00,68.48840877564741
2012-12-23 23:00:00,43.637011073884146
2012-12-24 00:00:00,15.658915574325114
2012-12-24 01:00:00,6.665531235438651
2012-12-24 02:00:00,4.395996400475277
2012-12-24 03:00:00,2.790280805802251
2012-12-24 05:00:00,18.944755782834
2012-12-24 06:00:00,103.29039629840327
2012-12-24 07:00:00,306.8806998398595
2012-12-24 08:00:00,595.9380905922606
2012-12-24 09:00:00,326.0125595678147
2012-12-24 10:00:00,149.17905887453347
2012-12-24 11:00:00,161.57013456061347
2012-12-24 12:00:00,188.66119075477016
2012-12-24 13:00:00,78.38205234354065
2012-12-24 14:00:00,63.18358217572967
2012-12-24 15:00:00,78.90035471914345
2012-12-24 16:00:00,122.33575795247793
2012-12-24 17:00:00,267.1476340011618
2012-12-24 18:00:00,234.94931615628266
2012-12-24 19:00:00,293.58172202250535
2012-12-24 20:00:00,115.51686765825198
2012-12-24 21:00:00,82.56912008081093
2012-12-24 22:00:00,80.61669281064881
2012-12-24 23:00:00,31.114307911251995
2012-12-25 00:00:00,20.67666619677452
2012-12-25 01:00:00,30.228324296781054
2012-12-25 02:00:00,21.430420065747057
2012-12-25 04:00:00,10.619378904619193
2012-12-25 05:00:00,13.496194222529201
2012-12-25 06:00:00,33.53799812414725
2012-12-25 07:00:00,93.41065717853606
2012-12-25 08:00:00,194.07858978740234
2012-12-25 09:00:00,242.89013542065294
2012-12-25 10:00:00,204.57016693054027
2012-12-25 11:00:00,237.20373647913718
2012-12-25 12:00:00,240.22313353189253
2012-12-25 13:00:00,268.7521668910503
2012-12-25 14:00:00,228.90591064704233
2012-12-25 15:00:00,205.6727551959556
2012-12-25 16:00:00,223.5055511358904
2012-12-25 17:00:00,271.80941725856735
2012-12-25 18:00:00,248.8375249358738
2012-12-25 19:00:00,215.30463392620982
2012-12-25 20:00:00,128.31549913850122
2012-12-25 21:00:00,103.6264467851093
2012-12-25 22:00:00,82.88535472930799
2012-12-25 23:00:00,52.28464084406664
2012-12-26 00:00:00,32.77308392890428
2012-12-26 01:00:00,10.839672828823844
2012-12-26 02:00:00,5.857064887877739
2012-12-26 03:00:00,3.823058472772001
2012-12-26 04:00:00,2.7310113469732524
2012-12-26 05:00:00,21.08677218204663
2012-12-26 06:00:00,103.91504638595775
2012-12-26 07:00:00,104.1885809748414
2012-12-26 08:00:00,179.04225760127935
2012-12-26 09:00:00,90.62702399375594
2012-12-26 10:00:00,38.14745820267083
2012-12-26 11:00:00,32.43582097510546
2012-12-26 12:00:00,37.437386316871184
2012-12-26 13:00:00,33.26667460314437
2012-12-26 14:00:00,32.3480059764781
2012-12-26 15:00:00,36.21248928783526
2012-12-26 16:00:00,52.11557091846889
2012-12-26 17:00:00,117.9873617668868
2012-12-26 18:00:00,99.87326580160887
2012-12-26 19:00:00,80.74764820336556
2012-12-26 20:00:00,48.899397317070104
2012-12-26 21:00:00,128.94873319696129
2012-12-26 22:00:00,25.61539967660549
2012-12-26 23:00:00,21.86294422118119
2012-12-27 00:00:00,15.595141622968562
2012-12-27 01:00:00,3.8154242812807166
2012-12-27 02:00:00,3.8434025623233987
2012-12-27 03:00:00,3.1933945549833647
2012-12-27 04:00:00,3.0518424018800734
2012-12-27 05:00:00,25.148701338725377
2012-12-27 06:00:00,91.57377645427337
2012-12-27 07:00:00,330.98160056268995
2012-12-27 08:00:00,620.5434048944197
2012-12-27 09:00:00,302.6409553764477
2012-12-27 10:00:00,138.5155330433132
2012-12-27 11:00:00,157.8246257107419
2012-12-27 12:00:00,171.0100429916249
2012-12-27 13:00:00,162.5793732689596
2012-12-27 14:00:00,120.28112584793641
2012-12-27 15:00:00,139.2240938570542
2012-12-27 16:00:00,222.6527270612767
2012-12-27 17:00:00,483.6231774444189
2012-12-27 18:00:00,445.43983559597245
2012-12-27 19:00:00,283.38967143327943
2012-12-27 20:00:00,206.91698408902076
2012-12-27 21:00:00,154.90823249778322
2012-12-27 22:00:00,107.65925015482499
2012-12-27 23:00:00,80.8203938344014
2012-12-28 00:00:00,33.71822934525408
2012-12-28 01:00:00,14.004970969893382
2012-12-28 02:00:00,7.648824605819111
2012-12-28 03:00:00,5.060121928277336
2012-12-28 04:00:00,4.257836059351835
2012-12-28 05:00:00,25.186839831828173
2012-12-28 06:00:00,95.04587624050639
2012-12-28 07:00:00,283.48118438319426
2012-12-28 08:00:00,692.3079822247258
2012-12-28 09:00:00,326.89489619378554
2012-12-28 10:00:00,183.45336103841166
2012-12-28 11:00:00,197.43459280253947
2012-12-28 12:00:00,223.55512942992917
2012-12-28 13:00:00,216.85392286523287
2012-12-28 14:00:00,186.57689381879018
2012-12-28 15:00:00,191.9428763407048
2012-12-28 16:00:00,268.9052889249664
2012-12-28 17:00:00,470.3917226249344
2012-12-28 18:00:00,425.5634828423438
2012-12-28 19:00:00,294.1097385089932
2012-12-28 20:00:00,192.86553458426738
2012-12-28 21:00:00,157.53915169903988
2012-12-28 22:00:00,120.26955407282959
2012-12-28 23:00:00,80.9258305603766
2012-12-29 00:00:00,85.04572769203222
2012-12-29 01:00:00,68.10875076206761
2012-12-29 02:00:00,56.632430575403454
2012-12-29 03:00:00,25.794572841144007
2012-12-29 04:00:00,8.157285075791947
2012-12-29 05:00:00,7.174336238478849
2012-12-29 06:00:00,16.761293675479354
2012-12-29 07:00:00,37.96336846614049
2012-12-29 08:00:00,114.87704833862092
2012-12-29 09:00:00,201.6224935391553
2012-12-29 10:00:00,197.5816422510033
2012-12-29 11:00:00,200.816058456817
2012-12-29 12:00:00,172.87428419521692
2012-12-29 13:00:00,204.8945749021423
2012-12-29 14:00:00,299.8817414236545
2012-12-29 15:00:00,287.51108347069317
2012-12-29 16:00:00,353.0869628258986
2012-12-29 17:00:00,259.52863478267903
2012-12-29 18:00:00,263.42264559710895
2012-12-29 19:00:00,219.91676314254573
2012-12-29 20:00:00,133.32321169635796
2012-12-29 21:00:00,124.37373520189705
2012-12-29 22:00:00,108.1048754906146
2012-12-29 23:00:00,89.78323249344214
2012-12-30 00:00:00,89.20483131352019
2012-12-30 01:00:00,67.0611842594973
2012-12-30 02:00:00,58.49214822386509
2012-12-30 03:00:00,26.442379664101157
2012-12-30 04:00:00,8.315894794004816
2012-12-30 05:00:00,7.126878543478334
2012-12-30 06:00:00,9.78329328518331
2012-12-30 07:00:00,24.58764752363157
2012-12-30 08:00:00,70.77631978664274
2012-12-30 09:00:00,130.08347933617804
2012-12-30 10:00:00,157.73290469893328
2012-12-30 11:00:00,280.9527177623321
2012-12-30 12:00:00,237.28035017299285
2012-12-30 13:00:00,282.77984391523734
2012-12-30 14:00:00,288.75551364874036
2012-12-30 15:00:00,289.7714864078685
2012-12-30 16:00:00,281.85104866138494
2012-12-30 17:00:00,226.78750118419293
2012-12-30 18:00:00,181.7634246209161
2012-12-30 19:00:00,198.90345333197004
2012-12-30 20:00:00,90.8408607103308
2012-12-30 21:00:00,80.04215863832505
2012-12-30 22:00:00,57.44106908436607
2012-12-30 23:00:00,36.58907330086635
2012-12-31 00:00:00,14.064200568869241
2012-12-31 01:00:00,5.996493392675393
2012-12-31 02:00:00,3.7556252194365407
2012-12-31 03:00:00,2.447027109865663
2012-12-31 04:00:00,3.3826794498666723
2012-12-31 05:00:00,18.98403196401888
2012-12-31 06:00:00,91.74344163780229
2012-12-31 07:00:00,288.98520510620585
2012-12-31 08:00:00,569.058131294126
2012-12-31 09:00:00,303.8761277596982
2012-12-31 10:00:00,134.25239012961737
2012-12-31 11:00:00,154.97269331160518
2012-12-31 12:00:00,180.29641136121444
2012-12-31 13:00:00,178.4653027132162
2012-12-31 14:00:00,156.2291182537465
2012-12-31 15:00:00,180.05690694369846
2012-12-31 16:00:00,258.1985998730144
2012-12-31 17:00:00,520.0303646457032
2012-12-31 18:00:00,464.1542112942277
2012-12-31 19:00:00,333.2306111655925
2012-12-31 20:00:00,196.6484383003497
2012-12-31 21:00:00,147.29607558224941
2012-12-31 22:00:00,93.94077793318766
2012-12-31 23:00:00,53.892032061170326
